,1,2,3,4,5
1,0.986422264,0.00339441,0.003394451,0.003394458,0.003394417
2,0.013921294,0.013921294,0.013921294,0.013921294,0.944314824
3,0.06196273,0.75214908,0.06196273,0.06196273,0.06196273
4,0.002766815,0.988932839,0.002766785,0.002766762,0.0027668
5,0.002166047,0.991335877,0.002166027,0.00216602,0.00216603
6,0.075541584,0.002948643,0.915612665,0.002948461,0.002948647
7,0.005458017,0.005457957,0.005458015,0.978167994,0.005458017
8,0.036660295,0.036660295,0.85335882,0.036660295,0.036660295
9,0.965630431,0.008592453,0.008592311,0.008592077,0.008592729
10,0.003672049,0.00367207,0.003672049,0.985311774,0.003672059
11,0.218447114,0.005811467,0.005811376,0.005811554,0.764118488
12,0.976754295,0.005811542,0.005811462,0.005811281,0.00581142
13,0.00784193,0.00784171,0.968632394,0.007841923,0.007842043
14,0.836416521,0.008592216,0.137806711,0.008592171,0.00859238
15,0.0078419,0.007841852,0.968632445,0.007842041,0.007841762
16,0.004617786,0.004616301,0.00461613,0.981533538,0.004616245
17,0.036660295,0.036660295,0.85335882,0.036660295,0.036660295
18,0.005458281,0.005458069,0.005458248,0.005458123,0.978167279
19,0.003527817,0.003527825,0.003527847,0.003527825,0.985888687
20,0.026030684,0.026030684,0.895877263,0.026030684,0.026030684
21,0.375562294,0.183771204,0.412823531,0.013921294,0.013921677
22,0.279053132,0.020180022,0.660406845,0.020179625,0.020180376
23,0.020180948,0.020179625,0.713806157,0.020179645,0.225653626
24,0.315976376,0.026030684,0.026030717,0.026030684,0.605931538
25,0.003672049,0.00367207,0.003672049,0.985311774,0.003672059
26,0.218447114,0.005811467,0.005811376,0.005811554,0.764118488
27,0.976754295,0.005811542,0.005811462,0.005811281,0.00581142
28,0.005811387,0.005811236,0.005811289,0.891801838,0.09076425
29,0.853353654,0.036664258,0.036660295,0.036661485,0.036660307
30,0.278321272,0.349143626,0.013922488,0.013921294,0.344691321
31,0.036663619,0.853346908,0.036664363,0.036660295,0.036664816
32,0.036661641,0.036660798,0.036661671,0.853354841,0.036661049
33,0.026031874,0.399272996,0.522632118,0.026030684,0.026032327
34,0.00784193,0.00784171,0.968632394,0.007841923,0.007842043
35,0.836416521,0.008592216,0.137806711,0.008592171,0.00859238
36,0.0078419,0.007841852,0.968632445,0.007842041,0.007841762
37,0.008592382,0.00859206,0.008592163,0.965631307,0.008592089
38,0.013923453,0.582212433,0.013922159,0.376018994,0.013922961
39,0.036660295,0.036660295,0.853358815,0.036660301,0.036660295
40,0.020180395,0.020180419,0.919279291,0.020179625,0.020180271
41,0.020179625,0.020179625,0.919281349,0.020179776,0.020179625
42,0.007841852,0.007841635,0.007841994,0.417789578,0.55868494
43,0.95178938,0.012052543,0.012052768,0.012052817,0.012052492
44,0.026030684,0.026030684,0.895877263,0.026030684,0.026030684
45,0.375562294,0.183771204,0.412823531,0.013921294,0.013921677
46,0.06196273,0.06196273,0.75214908,0.06196273,0.06196273
47,0.849823749,0.13380193,0.005457972,0.005458393,0.005457956
48,0.377912896,0.150305325,0.010626286,0.450529473,0.01062602
49,0.986422264,0.00339441,0.003394451,0.003394458,0.003394417
50,0.013921294,0.013921294,0.013921294,0.013921294,0.944314824
51,0.026030684,0.026030684,0.621120391,0.026030684,0.300787557
52,0.013921571,0.013921441,0.013921376,0.013921294,0.944314318
53,0.036660295,0.036660295,0.85335882,0.036660295,0.036660295
54,0.002766815,0.988932808,0.002766785,0.002766762,0.002766831
55,0.002166047,0.991335877,0.002166027,0.00216602,0.00216603
56,0.002532695,0.27338774,0.002532622,0.00253265,0.719014293
57,0.006675761,0.006675595,0.973297283,0.006675505,0.006675856
58,0.036660295,0.036660295,0.85335882,0.036660295,0.036660295
59,0.075541584,0.002948643,0.915612665,0.002948461,0.002948647
60,0.005458017,0.005457957,0.005458015,0.978167994,0.005458017
61,0.965630431,0.008592453,0.008592311,0.008592077,0.008592729
62,0.009502232,0.130880676,0.00950157,0.727816406,0.122299115
63,0.009501425,0.009501449,0.009501438,0.009501314,0.961994374
64,0.012052568,0.012052607,0.01205259,0.012052384,0.95178985
65,0.003672049,0.00367207,0.003672049,0.985311774,0.003672059
66,0.218447114,0.005811467,0.005811376,0.005811554,0.764118488
67,0.008592611,0.112253177,0.008592175,0.86196997,0.008592066
68,0.009501425,0.009501449,0.009501438,0.009501314,0.961994374
69,0.036660295,0.036660295,0.444802362,0.036660295,0.445216754
70,0.976754295,0.005811542,0.005811462,0.005811281,0.00581142
71,0.712505497,0.009501672,0.009502001,0.258989458,0.009501372
72,0.00784193,0.00784171,0.968632394,0.007841923,0.007842043
73,0.836416521,0.008592216,0.137806711,0.008592171,0.00859238
74,0.0078419,0.007841852,0.968632445,0.007842041,0.007841762
75,0.036660295,0.036660295,0.85335882,0.036660295,0.036660295
76,0.026030684,0.026030684,0.026033079,0.895874869,0.026030684
77,0.026030684,0.026030684,0.895876554,0.026030684,0.026031394
78,0.026032564,0.026031264,0.895872704,0.026032131,0.026031336
79,0.016476675,0.016476691,0.934093855,0.016476183,0.016476596
80,0.036660295,0.036662042,0.445009558,0.036660295,0.44500781
81,0.026030684,0.026030684,0.895876186,0.026031762,0.026030684
82,0.036660295,0.036660295,0.85335882,0.036660295,0.036660295
83,0.005458281,0.005458069,0.005458248,0.005458123,0.978167279
84,0.003527817,0.003527825,0.003527847,0.003527825,0.985888687
85,0.026030684,0.026030684,0.895877263,0.026030684,0.026030684
86,0.375562294,0.183771204,0.412823531,0.013921294,0.013921677
87,0.036660295,0.036660295,0.036660412,0.445009113,0.445009884
88,0.036663375,0.036661246,0.036664015,0.853349988,0.036661377
89,0.732683447,0.009501917,0.009501936,0.238810535,0.009502166
90,0.605893863,0.026030684,0.026031778,0.026031535,0.31601214
91,0.012053671,0.414714417,0.012052929,0.549126594,0.01205239
92,0.694506031,0.020179625,0.020179625,0.020179625,0.244955094
93,0.623703365,0.171388344,0.007212218,0.19048441,0.007211664
94,0.02017964,0.694506071,0.244954261,0.020180402,0.020179625
95,0.020181553,0.244955083,0.694504093,0.020179646,0.020179625
96,0.438712679,0.036660295,0.036663849,0.451302882,0.036660295
97,0.036660295,0.036660295,0.453401437,0.036660295,0.436617679
98,0.036660295,0.036660295,0.453401437,0.036660295,0.436617679
99,0.986422264,0.00339441,0.003394451,0.003394458,0.003394417
100,0.020179629,0.020179625,0.919281313,0.020179808,0.020179625
101,0.013921294,0.013921294,0.013921294,0.013921294,0.944314824
102,0.002766815,0.988932839,0.002766785,0.002766762,0.0027668
103,0.026030684,0.026030684,0.621143821,0.026030684,0.300764127
104,0.002166047,0.991335877,0.002166027,0.00216602,0.00216603
105,0.013921571,0.013921441,0.013921946,0.013921294,0.944313747
106,0.002532695,0.27338774,0.002532622,0.00253265,0.719014293
107,0.026030684,0.026030684,0.895877263,0.026030684,0.026030684
108,0.006675761,0.006675595,0.973297283,0.006675505,0.006675856
109,0.075541584,0.002948643,0.915612665,0.002948461,0.002948647
110,0.06196273,0.06196273,0.75214908,0.06196273,0.06196273
111,0.026030684,0.026030684,0.895877263,0.026030684,0.026030684
112,0.005458017,0.005457957,0.005458015,0.978167994,0.005458017
113,0.036663377,0.036661246,0.036662008,0.853352005,0.036661365
114,0.965630431,0.008592453,0.008592311,0.008592077,0.008592729
115,0.036668003,0.853338235,0.036664572,0.036666225,0.036662966
116,0.919279739,0.020179625,0.020181386,0.020179625,0.020179625
117,0.437307008,0.016476291,0.016478822,0.513261061,0.016476818
118,0.415536413,0.036660295,0.474482703,0.036660295,0.036660295
119,0.06196273,0.06196273,0.75214908,0.06196273,0.06196273
120,0.629245344,0.007211702,0.007212185,0.260896368,0.095434401
121,0.06196273,0.06196273,0.75214908,0.06196273,0.06196273
122,0.009501588,0.009501363,0.009501448,0.961994214,0.009501387
123,0.06196273,0.06196273,0.06196273,0.06196273,0.75214908
124,0.06196273,0.06196273,0.06196273,0.06196273,0.75214908
125,0.895876684,0.026030684,0.026031264,0.026030684,0.026030684
126,0.003672049,0.00367207,0.003672049,0.985311774,0.003672059
127,0.218447114,0.005811467,0.005811376,0.005811554,0.764118488
128,0.036660295,0.44500956,0.445009555,0.036660295,0.036660295
129,0.036660295,0.036661698,0.036660295,0.853357417,0.036660295
130,0.750569638,0.016476525,0.016477675,0.199999333,0.016476829
131,0.75214908,0.06196273,0.06196273,0.06196273,0.06196273
132,0.976754295,0.005811542,0.005811462,0.005811281,0.00581142
133,0.00784193,0.00784171,0.968632394,0.007841923,0.007842043
134,0.836416521,0.008592216,0.137806711,0.008592171,0.00859238
135,0.0078419,0.007841852,0.968632445,0.007842041,0.007841762
136,0.06196273,0.06196273,0.75214908,0.06196273,0.06196273
137,0.036660295,0.036660295,0.036660295,0.85335882,0.036660295
138,0.026032061,0.026031667,0.605953891,0.315949836,0.026032545
139,0.036660295,0.036660295,0.85335882,0.036660295,0.036660295
140,0.06196273,0.06196273,0.75214908,0.06196273,0.06196273
141,0.919275171,0.020181709,0.020181255,0.020179625,0.020182239
142,0.026030684,0.026030684,0.895877263,0.026030684,0.026030684
143,0.013921758,0.013921467,0.013921768,0.013922112,0.944312895
144,0.853353515,0.036660295,0.036663058,0.036662837,0.036660295
145,0.026030684,0.026030684,0.026030684,0.895877263,0.026030684
146,0.895868213,0.026033463,0.026031518,0.026031459,0.026035348
147,0.036660295,0.036660295,0.036660295,0.85335882,0.036660295
148,0.06196273,0.06196273,0.06196273,0.06196273,0.75214908
149,0.036661923,0.036660295,0.853357192,0.036660295,0.036660295
150,0.007842063,0.098937559,0.007841643,0.877537136,0.007841598
151,0.006213615,0.006213437,0.006213493,0.975145627,0.006213827
152,0.026031979,0.026030684,0.026030684,0.895875969,0.026030684
153,0.06196273,0.06196273,0.75214908,0.06196273,0.06196273
154,0.020180395,0.020180419,0.919279291,0.020179625,0.020180271
155,0.020179625,0.020179625,0.9192815,0.020179625,0.020179625
156,0.005458281,0.005458069,0.005458248,0.005458123,0.978167279
157,0.324051809,0.472162671,0.013922304,0.175939674,0.013923541
158,0.003527817,0.003527825,0.003527847,0.003527825,0.985888687
159,0.026030684,0.026030684,0.895877263,0.026030684,0.026030684
160,0.375562294,0.183771204,0.412823531,0.013921294,0.013921677
161,0.006675529,0.295562417,0.420858592,0.006676252,0.27022721
162,0.06196273,0.06196273,0.75214908,0.06196273,0.06196273
163,0.026030684,0.026030684,0.591490569,0.330417378,0.026030684
164,0.026030684,0.026030684,0.591490569,0.330417378,0.026030684
165,0.036660295,0.036660295,0.853358539,0.036660576,0.036660295
166,0.016476183,0.016476183,0.016476364,0.934095086,0.016476183
167,0.362090471,0.07567794,0.550608359,0.005811862,0.005811369
168,0.026032957,0.428990191,0.492914128,0.026032041,0.026030684
169,0.026030684,0.026030684,0.895875326,0.026032622,0.026030684
170,0.01062595,0.010625878,0.720778717,0.010625925,0.24734353
171,0.012052589,0.012052461,0.835126458,0.012052745,0.128715748
172,0.986422264,0.00339441,0.003394451,0.003394458,0.003394417
173,0.013921294,0.013921294,0.013921294,0.013921294,0.944314824
174,0.013921571,0.013921441,0.013921376,0.013921294,0.944314318
175,0.002766815,0.988932839,0.002766785,0.002766762,0.0027668
176,0.002166047,0.991335877,0.002166027,0.00216602,0.00216603
177,0.002532695,0.27338774,0.002532622,0.00253265,0.719014293
178,0.006675761,0.006675595,0.973297283,0.006675505,0.006675856
179,0.005458156,0.005458183,0.978167463,0.005457939,0.00545826
180,0.005458017,0.005457957,0.005458015,0.978167994,0.005458017
181,0.965630431,0.008592453,0.008592311,0.008592077,0.008592729
182,0.036660295,0.036660295,0.853357739,0.036660295,0.036661377
183,0.06196273,0.06196273,0.06196273,0.75214908,0.06196273
184,0.026030684,0.026030684,0.026030717,0.315986703,0.605921211
185,0.003672049,0.00367207,0.003672049,0.985311774,0.003672059
186,0.218447114,0.005811467,0.005811376,0.005811554,0.764118488
187,0.010626196,0.010625878,0.010626174,0.957495781,0.010625971
188,0.012052775,0.951788415,0.012052806,0.012052707,0.012053297
189,0.010626194,0.010625909,0.010625963,0.957495917,0.010626018
190,0.012052775,0.951788415,0.012052806,0.012052707,0.012053297
191,0.976754295,0.005811542,0.005811462,0.005811281,0.00581142
192,0.007841643,0.258991663,0.46124266,0.264082014,0.007842019
193,0.00784193,0.00784171,0.968632394,0.007841923,0.007842043
194,0.836416521,0.008592216,0.137806711,0.008592171,0.00859238
195,0.0078419,0.007841852,0.968632445,0.007842041,0.007841762
196,0.009501719,0.009501384,0.009501464,0.961993956,0.009501476
197,0.016476811,0.016476365,0.016476274,0.2568441,0.693726451
198,0.279673785,0.008592286,0.008592725,0.694548587,0.008592617
199,0.020180459,0.020180031,0.020179828,0.020179625,0.919280057
200,0.016476627,0.212460926,0.738108043,0.016476966,0.016477438
201,0.005458281,0.005458069,0.005458248,0.005458123,0.978167279
202,0.003527817,0.003527825,0.003527847,0.003527825,0.985888687
203,0.026030684,0.026030684,0.895877263,0.026030684,0.026030684
204,0.375562294,0.183771204,0.412823531,0.013921294,0.013921677
205,0.75214908,0.06196273,0.06196273,0.06196273,0.06196273
206,0.986422264,0.00339441,0.003394451,0.003394458,0.003394417
207,0.013921294,0.013921294,0.013921294,0.013921294,0.944314824
208,0.013921571,0.013921441,0.013921376,0.013921294,0.944314318
209,0.445009558,0.036660295,0.445006851,0.036660295,0.036663001
210,0.002766815,0.988932808,0.002766785,0.002766762,0.002766831
211,0.002166047,0.991335877,0.002166027,0.00216602,0.00216603
212,0.002532695,0.27338774,0.002532622,0.00253265,0.719014293
213,0.006675761,0.006675595,0.973297283,0.006675505,0.006675856
214,0.005458156,0.005458183,0.978167463,0.005457939,0.00545826
215,0.005458017,0.005457957,0.005458015,0.978167994,0.005458017
216,0.965630431,0.008592453,0.008592311,0.008592077,0.008592729
217,0.06196273,0.06196273,0.75214908,0.06196273,0.06196273
218,0.06196273,0.06196273,0.75214908,0.06196273,0.06196273
219,0.0164766,0.016476572,0.242524367,0.016476183,0.708046278
220,0.003672049,0.00367207,0.003672049,0.985311774,0.003672059
221,0.218447114,0.005811467,0.005811376,0.005811554,0.764118488
222,0.016476549,0.01647632,0.934093914,0.016476828,0.016476388
223,0.007841571,0.007841986,0.007841579,0.007841623,0.968633242
224,0.06196273,0.06196273,0.06196273,0.06196273,0.75214908
225,0.008592392,0.229188367,0.422138238,0.127898884,0.212182119
226,0.976754295,0.005811542,0.005811462,0.005811281,0.00581142
227,0.00784193,0.00784171,0.968632394,0.007841923,0.007842043
228,0.06196273,0.06196273,0.75214908,0.06196273,0.06196273
229,0.836416521,0.008592216,0.137806711,0.008592171,0.00859238
230,0.0078419,0.007841852,0.968632445,0.007842041,0.007841762
231,0.026031051,0.026031251,0.337589556,0.026030684,0.584317457
232,0.895877247,0.026030684,0.026030684,0.026030701,0.026030684
233,0.016476549,0.01647632,0.934093914,0.016476828,0.016476388
234,0.005811899,0.09861945,0.10726765,0.48412356,0.304177441
235,0.525106795,0.016476183,0.016476183,0.241940838,0.2
236,0.06196273,0.06196273,0.75214908,0.06196273,0.06196273
237,0.026031359,0.895873055,0.026031205,0.026030684,0.026033696
238,0.026032651,0.895872873,0.026031263,0.026030684,0.026032529
239,0.302691568,0.020180059,0.322296874,0.020180219,0.334651279
240,0.036660295,0.85335882,0.036660295,0.036660295,0.036660295
241,0.005811348,0.072567698,0.005811337,0.909998127,0.005811491
242,0.016476881,0.016476413,0.016476671,0.934093565,0.016476471
243,0.211157611,0.016476398,0.20700696,0.016476782,0.54888225
244,0.895872896,0.026031552,0.026031752,0.026032525,0.026031275
245,0.009501588,0.009501363,0.009501448,0.961993615,0.009501986
246,0.026031705,0.026031066,0.895872778,0.026032485,0.026031966
247,0.036660295,0.036660295,0.85335882,0.036660295,0.036660295
248,0.53037748,0.202134726,0.246234821,0.010626301,0.010626673
249,0.013921294,0.013921294,0.789248333,0.013922197,0.168986882
250,0.005458281,0.005458069,0.005458248,0.005458123,0.978167279
251,0.026030684,0.026030684,0.895877263,0.026030684,0.026030684
252,0.008592234,0.00859204,0.008592109,0.965631073,0.008592545
253,0.007841571,0.007841986,0.007841579,0.007841623,0.968633242
254,0.957494983,0.01062616,0.010626762,0.010626136,0.01062596
255,0.003527817,0.003527825,0.003527847,0.003527825,0.985888687
256,0.353049026,0.020179968,0.020180563,0.020182803,0.58640764
257,0.005811926,0.00581162,0.638343756,0.005811478,0.344221219
258,0.564002894,0.00545807,0.163113533,0.005458184,0.261967319
259,0.895867325,0.026034093,0.026031489,0.026030898,0.026036194
260,0.871120008,0.007211827,0.107243924,0.007212396,0.007211844
261,0.009501425,0.009501449,0.009501438,0.009501314,0.961994374
262,0.013921758,0.013921467,0.013921768,0.013922112,0.944312895
263,0.036660295,0.036660295,0.45271939,0.036660295,0.437299726
264,0.013921296,0.013926128,0.640982652,0.013922453,0.31724747
265,0.85335882,0.036660295,0.036660295,0.036660295,0.036660295
266,0.009501425,0.009501449,0.009501438,0.009501314,0.961994374
267,0.016477191,0.016476805,0.446280757,0.504287928,0.016477318
268,0.06196273,0.06196273,0.06196273,0.75214908,0.06196273
269,0.026030684,0.026030684,0.895877263,0.026030684,0.026030684
270,0.375562294,0.183771204,0.412823531,0.013921294,0.013921677
271,0.919281216,0.020179625,0.020179909,0.020179625,0.020179625
272,0.026030684,0.026030684,0.895877263,0.026030684,0.026030684
273,0.026030691,0.026030684,0.895876929,0.026031011,0.026030684
274,0.934095267,0.016476183,0.016476183,0.016476183,0.016476183
275,0.013921548,0.013921389,0.944313439,0.01392201,0.013921613
276,0.036660295,0.036660295,0.85335882,0.036660295,0.036660295
277,0.020180405,0.020180333,0.020181283,0.2448511,0.694606878
278,0.020183354,0.02017981,0.54338473,0.396072205,0.020179902
279,0.012054223,0.414714347,0.012052625,0.54912478,0.012054024
280,0.01392157,0.013921461,0.013921581,0.168988185,0.789247203
281,0.688235392,0.004390326,0.004390328,0.298593449,0.004390504
282,0.004616106,0.109486979,0.004616104,0.876664734,0.004616077
283,0.06196273,0.06196273,0.06196273,0.75214908,0.06196273
284,0.869411461,0.006213642,0.00621353,0.111947505,0.006213863
285,0.026033673,0.026032818,0.346535598,0.575363187,0.026034725
286,0.750644346,0.016476183,0.199927104,0.016476183,0.016476183
287,0.036663373,0.036665054,0.853337218,0.036660295,0.03667406
288,0.013921297,0.323987472,0.013921686,0.634248251,0.013921294
289,0.919280438,0.020179625,0.020179625,0.020180687,0.020179625
290,0.06196273,0.06196273,0.06196273,0.75214908,0.06196273
291,0.026030684,0.026030684,0.605930252,0.315977695,0.026030684
292,0.853349474,0.036660295,0.036665988,0.036663947,0.036660295
293,0.75214908,0.06196273,0.06196273,0.06196273,0.06196273
294,0.026030684,0.026030684,0.895876724,0.026031223,0.026030684
295,0.036660295,0.036660295,0.85335882,0.036660295,0.036660295
296,0.06196273,0.06196273,0.75214908,0.06196273,0.06196273
297,0.895877263,0.026030684,0.026030684,0.026030684,0.026030684
298,0.986422264,0.00339441,0.003394451,0.003394458,0.003394417
299,0.013921294,0.013921294,0.013921294,0.013921294,0.944314824
300,0.013921571,0.013921441,0.013921376,0.013921294,0.944314318
301,0.002766815,0.988932839,0.002766785,0.002766762,0.0027668
302,0.002166047,0.991335877,0.002166027,0.00216602,0.00216603
303,0.002532695,0.27338774,0.002532622,0.00253265,0.719014293
304,0.006675761,0.006675595,0.973297283,0.006675505,0.006675856
305,0.005458156,0.005458183,0.978167463,0.005457939,0.00545826
306,0.005458017,0.005457957,0.005458015,0.978167994,0.005458017
307,0.965630431,0.008592453,0.008592311,0.008592077,0.008592729
308,0.026030684,0.026030684,0.895876788,0.026030684,0.02603116
309,0.036660295,0.036660295,0.036660295,0.85335882,0.036660295
310,0.036660295,0.036660295,0.45340673,0.036660295,0.436612385
311,0.003672049,0.00367207,0.003672049,0.985311774,0.003672059
312,0.218447114,0.005811467,0.005811376,0.005811554,0.764118488
313,0.006214562,0.152286031,0.006213495,0.829072447,0.006213466
314,0.976754295,0.005811542,0.005811462,0.005811281,0.00581142
315,0.00784193,0.00784171,0.968632394,0.007841923,0.007842043
316,0.003999431,0.003999259,0.759496612,0.085172953,0.147331746
317,0.836416521,0.008592216,0.137806711,0.008592171,0.00859238
318,0.0078419,0.007841852,0.968632445,0.007842041,0.007841762
319,0.036660295,0.036660295,0.85335882,0.036660295,0.036660295
320,0.020180384,0.020180799,0.919275877,0.020179927,0.020183013
321,0.003527955,0.003527955,0.003528005,0.878427541,0.110988545
322,0.004185805,0.004185742,0.004185846,0.886046058,0.101396549
323,0.008593285,0.008592044,0.1613991,0.713578543,0.107837027
324,0.06196273,0.06196273,0.75214649,0.06196532,0.06196273
325,0.020179625,0.020180104,0.02017969,0.694505553,0.244955029
326,0.469115518,0.003999188,0.003999206,0.518886855,0.003999232
327,0.010625878,0.010625878,0.483341402,0.010626242,0.4847806
328,0.016476627,0.212460926,0.738108043,0.016476966,0.016477438
329,0.895877263,0.026030684,0.026030684,0.026030684,0.026030684
330,0.005458281,0.005458069,0.005458248,0.005458123,0.978167279
331,0.951789026,0.012052543,0.01205295,0.01205299,0.012052492
332,0.006213647,0.006213453,0.728655333,0.160193794,0.098723772
333,0.020181336,0.020181721,0.694533039,0.244918694,0.020185209
334,0.673212385,0.016476334,0.277357974,0.016476897,0.01647641
335,0.026030684,0.026030684,0.0260327,0.605928404,0.315977528
336,0.006213532,0.080573179,0.006213504,0.900786256,0.006213529
337,0.036661923,0.036660295,0.853352217,0.036660295,0.03666527
338,0.315979544,0.026030684,0.605927534,0.026031554,0.026030684
339,0.401023805,0.016476596,0.016477314,0.016478134,0.549544151
340,0.036660295,0.036660295,0.85335882,0.036660295,0.036660295
341,0.003527817,0.003527825,0.003527847,0.003527825,0.985888687
342,0.771475443,0.013921383,0.013921454,0.186760326,0.013921394
343,0.005811926,0.00581162,0.638343756,0.005811478,0.344221219
344,0.564002894,0.00545807,0.163113533,0.005458184,0.261967319
345,0.246407542,0.005811583,0.005811299,0.736157903,0.005811672
346,0.565058159,0.012052511,0.012052667,0.398784114,0.012052549
347,0.026030684,0.895875497,0.026030684,0.02603245,0.026030684
348,0.026030684,0.026030684,0.895877263,0.026030684,0.026030684
349,0.375562294,0.183771204,0.412823531,0.013921294,0.013921677
350,0.3328374,0.008592079,0.641385725,0.008592311,0.008592485
351,0.747872128,0.009501555,0.223622599,0.009501773,0.009501946
352,0.00382891,0.056685632,0.003828883,0.84626256,0.089394015
353,0.076471056,0.005811632,0.005811385,0.906094691,0.005811235
354,0.402557153,0.02018022,0.536902326,0.020179625,0.020180676
355,0.010626348,0.010625878,0.010625944,0.957495952,0.010625878
356,0.026030684,0.026030684,0.026030686,0.026032325,0.89587562
357,0.208345793,0.005145422,0.005145357,0.776217944,0.005145485
358,0.291276504,0.133227929,0.003828757,0.567838032,0.003828778
359,0.828013708,0.009501781,0.009501803,0.143480601,0.009502107
360,0.131118944,0.009501481,0.460555662,0.221165258,0.177658654
361,0.75663066,0.010626258,0.211488499,0.010626229,0.010628354
362,0.005811491,0.005811627,0.00581137,0.976754159,0.005811353
363,0.951788303,0.012052823,0.012053159,0.012053117,0.012052598
364,0.007212923,0.007211635,0.749331274,0.229032104,0.007212064
365,0.010626426,0.010625985,0.957495004,0.010626448,0.010626138
366,0.06196273,0.06196273,0.75214908,0.06196273,0.06196273
367,0.976754229,0.005811325,0.005811553,0.005811583,0.00581131
368,0.009501813,0.00950142,0.961993501,0.009501817,0.009501449
369,0.036660295,0.036660295,0.85335882,0.036660295,0.036660295
370,0.026030684,0.026030684,0.31597955,0.315979535,0.315979546
371,0.01392202,0.013921369,0.185096878,0.609504915,0.177554818
372,0.445009577,0.036660295,0.445009539,0.036660295,0.036660295
373,0.85335882,0.036660295,0.036660295,0.036660295,0.036660295
374,0.986422264,0.00339441,0.003394451,0.003394458,0.003394417
375,0.013921294,0.013921294,0.013921294,0.013921294,0.944314824
376,0.013921571,0.013921441,0.013921376,0.013921294,0.944314318
377,0.002766815,0.988932839,0.002766785,0.002766762,0.0027668
378,0.002166047,0.991335877,0.002166027,0.00216602,0.00216603
379,0.002532695,0.27338774,0.002532622,0.00253265,0.719014293
380,0.006675761,0.006675595,0.973297283,0.006675505,0.006675856
381,0.005458156,0.005458183,0.978167463,0.005457939,0.00545826
382,0.036660295,0.036660295,0.453406733,0.036660295,0.436612382
383,0.005458017,0.005457957,0.005458015,0.978167994,0.005458017
384,0.965630431,0.008592453,0.008592311,0.008592077,0.008592729
385,0.026030684,0.026030684,0.605930252,0.315977695,0.026030684
386,0.75214908,0.06196273,0.06196273,0.06196273,0.06196273
387,0.036660295,0.036660295,0.85335882,0.036660295,0.036660295
388,0.026034236,0.026032569,0.895868494,0.026030684,0.026034016
389,0.036660295,0.036660295,0.446319974,0.036660295,0.443699142
390,0.026030684,0.026030684,0.895876788,0.026030684,0.02603116
391,0.003672049,0.00367207,0.003672049,0.985311774,0.003672059
392,0.218447114,0.005811467,0.005811376,0.005811554,0.764118488
393,0.036663092,0.036661118,0.036660705,0.036660295,0.853354789
394,0.026031203,0.02603149,0.895875939,0.026030684,0.026030684
395,0.013921294,0.013921294,0.944314705,0.013921294,0.013921412
396,0.036660295,0.036660295,0.85335882,0.036660295,0.036660295
397,0.976754295,0.005811542,0.005811462,0.005811281,0.00581142
398,0.06196273,0.06196273,0.75214908,0.06196273,0.06196273
399,0.00784193,0.00784171,0.968632394,0.007841923,0.007842043
400,0.836416521,0.008592216,0.137806711,0.008592171,0.00859238
401,0.0078419,0.007841852,0.968632445,0.007842041,0.007841762
402,0.020180971,0.020180077,0.919279702,0.020179625,0.020179625
403,0.75214908,0.06196273,0.06196273,0.06196273,0.06196273
404,0.06196273,0.06196273,0.75214908,0.06196273,0.06196273
405,0.026030684,0.026030684,0.895877263,0.026030684,0.026030684
406,0.415823014,0.020181428,0.523632955,0.020179625,0.020182977
407,0.853357503,0.036660295,0.036661612,0.036660295,0.036660295
408,0.006675607,0.006675478,0.006675506,0.973297946,0.006675463
409,0.752144435,0.061967322,0.06196273,0.061962731,0.061962782
410,0.607849873,0.314058073,0.026030684,0.026030685,0.026030684
411,0.006675679,0.006675488,0.006675514,0.973297849,0.00667547
412,0.44495639,0.036663012,0.036660295,0.445059977,0.036660326
413,0.895876781,0.026031161,0.026030684,0.026030684,0.02603069
414,0.622114613,0.016476577,0.01647652,0.328455087,0.016477202
415,0.85335882,0.036660295,0.036660295,0.036660295,0.036660295
416,0.01647686,0.016476263,0.0164764,0.934094175,0.016476302
417,0.853357724,0.036661379,0.036660295,0.036660295,0.036660307
418,0.01647686,0.016476263,0.016476629,0.934093946,0.016476302
419,0.00667551,0.006675421,0.006675442,0.973298008,0.006675619
420,0.036660295,0.036660295,0.85335882,0.036660295,0.036660295
421,0.694617008,0.020179625,0.020179625,0.020179625,0.244844117
422,0.007841825,0.007841742,0.007841915,0.75285651,0.223618007
423,0.005458281,0.005458069,0.005458248,0.005458123,0.978167279
424,0.009501461,0.009501363,0.009501448,0.961994341,0.009501387
425,0.008592508,0.785038418,0.008592236,0.008592132,0.189184706
426,0.652100107,0.003155815,0.056298097,0.285290227,0.003155754
427,0.003527817,0.003527825,0.003527847,0.003527825,0.985888687
428,0.005811926,0.00581162,0.638343756,0.005811478,0.344221219
429,0.564002894,0.00545807,0.163113533,0.005458184,0.261967319
430,0.793383117,0.006675676,0.006675506,0.078716792,0.114548908
431,0.01062656,0.010626031,0.817940622,0.150180522,0.010626265
432,0.003270964,0.153628137,0.003270718,0.836559383,0.003270798
433,0.008592508,0.785038418,0.008592236,0.008592132,0.189184706
434,0.026030684,0.026030684,0.895877263,0.026030684,0.026030684
435,0.375562294,0.183771204,0.412823531,0.013921294,0.013921677
436,0.934093702,0.016476494,0.016476566,0.016476843,0.016476395
437,0.895873379,0.026031074,0.026031752,0.026032525,0.026031269
438,0.010626233,0.010625909,0.010625963,0.95749597,0.010625925
439,0.013921764,0.013921349,0.013921445,0.944314065,0.013921377
440,0.013921548,0.013921389,0.944313197,0.013921742,0.013922124
441,0.934093338,0.016476494,0.01647693,0.016476843,0.016476395
442,0.827793227,0.14370206,0.009501519,0.009501667,0.009501527
443,0.013921764,0.013921349,0.013921445,0.944314065,0.013921377
444,0.005811292,0.005811225,0.005811241,0.976754868,0.005811374
445,0.721827896,0.236405594,0.01392162,0.013922939,0.013921952
446,0.468312712,0.009501379,0.009501859,0.50318264,0.009501411
447,0.013922004,0.168986875,0.653111905,0.013921295,0.150057921
448,0.951789511,0.012052543,0.012052686,0.012052768,0.012052492
449,0.010626094,0.010626044,0.957495049,0.010626756,0.010626058
450,0.036660295,0.036660295,0.036660295,0.036660295,0.85335882
451,0.659874207,0.152484243,0.009501531,0.009501689,0.16863833
452,0.641160505,0.012052459,0.322681355,0.012052739,0.012052942
453,0.026032547,0.02603138,0.02603259,0.02603397,0.895869513
454,0.012052571,0.012052689,0.951789538,0.012052713,0.012052489
455,0.013921294,0.013921294,0.482616577,0.013921294,0.475619541
456,0.704518554,0.007841741,0.007841652,0.271956451,0.007841602
457,0.155578752,0.007841638,0.007841635,0.820896387,0.007841588
458,0.013921548,0.013921389,0.944313676,0.013921773,0.013921613
459,0.06196273,0.06196273,0.75214908,0.06196273,0.06196273
460,0.986422264,0.00339441,0.003394451,0.003394458,0.003394417
461,0.013921294,0.013921294,0.013921294,0.013921294,0.944314824
462,0.013921571,0.013921441,0.013921376,0.013921294,0.944314318
463,0.002766815,0.988932839,0.002766785,0.002766762,0.0027668
464,0.002166047,0.991335877,0.002166027,0.00216602,0.00216603
465,0.002532695,0.27338774,0.002532622,0.00253265,0.719014293
466,0.006675761,0.006675595,0.973297283,0.006675505,0.006675856
467,0.005458156,0.005458183,0.978167463,0.005457939,0.00545826
468,0.005458017,0.005457957,0.005458015,0.978167994,0.005458017
469,0.965630431,0.008592453,0.008592311,0.008592077,0.008592729
470,0.036660295,0.036660295,0.036660342,0.036660295,0.853358774
471,0.06196273,0.06196273,0.06196273,0.75214908,0.06196273
472,0.06196273,0.06196273,0.75214908,0.06196273,0.06196273
473,0.003672049,0.00367207,0.003672049,0.985311774,0.003672059
474,0.218447114,0.005811467,0.005811376,0.005811554,0.764118488
475,0.036662234,0.03666168,0.853352876,0.036660295,0.036662916
476,0.026030684,0.026030684,0.895877263,0.026030684,0.026030684
477,0.976754295,0.005811542,0.005811462,0.005811281,0.00581142
478,0.00784193,0.00784171,0.968632394,0.007841923,0.007842043
479,0.836416521,0.008592216,0.137806711,0.008592171,0.00859238
480,0.0078419,0.007841852,0.968632445,0.007842041,0.007841762
481,0.061964983,0.061966214,0.061964468,0.06196273,0.752141606
482,0.571203259,0.026031524,0.350702364,0.026030684,0.026032169
483,0.007841755,0.106739006,0.869734908,0.007842219,0.007842112
484,0.005458281,0.005458069,0.005458248,0.005458123,0.978167279
485,0.020180413,0.020180144,0.347964436,0.244924134,0.366750873
486,0.06196273,0.06196273,0.061968143,0.752143667,0.06196273
487,0.640558543,0.013921477,0.013921516,0.317676535,0.013921929
488,0.003527817,0.003527825,0.003527847,0.003527825,0.985888687
489,0.026030684,0.026030684,0.895877263,0.026030684,0.026030684
490,0.375562294,0.183771204,0.412823531,0.013921294,0.013921677
491,0.036662234,0.03666168,0.853352876,0.036660295,0.036662916
492,0.036660295,0.036660295,0.85335882,0.036660295,0.036660295
493,0.026030684,0.026030684,0.026030684,0.895876549,0.026031399
494,0.036660295,0.036660295,0.036661444,0.853357671,0.036660295
495,0.127410355,0.009501963,0.009501463,0.844084845,0.009501373
496,0.036663954,0.036660295,0.853355149,0.036660308,0.036660295
497,0.020179625,0.020179625,0.9192815,0.020179625,0.020179625
498,0.016477349,0.2647076,0.685861591,0.016476183,0.016477277
499,0.244414474,0.013921294,0.479118055,0.013921702,0.248624475
500,0.026032633,0.026031324,0.026032044,0.895872513,0.026031487
501,0.020180604,0.269007737,0.020180169,0.670451525,0.020179965
502,0.895876781,0.026031161,0.026030684,0.026030684,0.02603069
503,0.036660295,0.036660295,0.036660295,0.85335882,0.036660295
504,0.02018306,0.469728921,0.469728228,0.020180165,0.020179625
505,0.06196273,0.06196273,0.06196273,0.06196273,0.75214908
506,0.986422264,0.00339441,0.003394451,0.003394458,0.003394417
507,0.013921294,0.013921294,0.013921294,0.013921294,0.944314824
508,0.013921571,0.013921441,0.013921376,0.013921294,0.944314318
509,0.002766815,0.988932839,0.002766785,0.002766762,0.0027668
510,0.002166047,0.991335877,0.002166027,0.00216602,0.00216603
511,0.036660295,0.036660295,0.853357739,0.036660295,0.036661377
512,0.002532695,0.27338774,0.002532622,0.00253265,0.719014293
513,0.006675761,0.006675595,0.973297283,0.006675505,0.006675856
514,0.036660295,0.036660295,0.036665513,0.036660295,0.853353603
515,0.005458156,0.005458183,0.978167463,0.005457939,0.00545826
516,0.005458017,0.005457957,0.005458015,0.978167994,0.005458017
517,0.965630431,0.008592453,0.008592311,0.008592077,0.008592729
518,0.721828978,0.016477313,0.01647718,0.22873744,0.016479089
519,0.17755282,0.010625972,0.01062608,0.790569017,0.010626111
520,0.003672049,0.00367207,0.003672049,0.985311774,0.003672059
521,0.007841914,0.007841598,0.00784172,0.968633098,0.007841671
522,0.218447114,0.005811467,0.005811376,0.005811554,0.764118488
523,0.721828978,0.016477313,0.01647718,0.22873744,0.016479089
524,0.026030684,0.605928403,0.026030684,0.026030685,0.315979544
525,0.016477308,0.016476483,0.016476333,0.497543988,0.453025887
526,0.026030684,0.315979556,0.315979548,0.026030684,0.315979528
527,0.976754295,0.005811542,0.005811462,0.005811281,0.00581142
528,0.06196273,0.06196273,0.75214908,0.06196273,0.06196273
529,0.00784193,0.00784171,0.968632394,0.007841923,0.007842043
530,0.836416521,0.008592216,0.137806711,0.008592171,0.00859238
531,0.0078419,0.007841852,0.968632445,0.007842041,0.007841762
532,0.175796428,0.01062669,0.182752388,0.010626287,0.620198208
533,0.026032309,0.026032159,0.026032502,0.315928302,0.605974727
534,0.036660295,0.036660295,0.85335882,0.036660295,0.036660295
535,0.620305337,0.012053125,0.343535743,0.012052801,0.012052994
536,0.005458499,0.19494071,0.005457983,0.788684776,0.005458032
537,0.442204733,0.026030684,0.479702022,0.026031877,0.026030684
538,0.026030684,0.026030684,0.605931945,0.315973316,0.02603337
539,0.399652234,0.013922324,0.013922152,0.558580735,0.013922555
540,0.012052963,0.0120526,0.317725086,0.012053405,0.646115947
541,0.013922222,0.013921641,0.013922243,0.01392293,0.944310965
542,0.06196273,0.06196273,0.75214908,0.06196273,0.06196273
543,0.794356101,0.01392185,0.013921686,0.163878643,0.01392172
544,0.020180395,0.020180419,0.919279291,0.020179625,0.020180271
545,0.352726129,0.020179968,0.020180564,0.020181244,0.586732095
546,0.005458281,0.005458069,0.005458248,0.005458123,0.978167279
547,0.409100911,0.004866816,0.004866349,0.505887539,0.075278386
548,0.740425309,0.210144366,0.016476646,0.016477242,0.016476437
549,0.003527817,0.003527825,0.003527847,0.003527825,0.985888687
550,0.007211989,0.007211814,0.007212382,0.64581356,0.332550255
551,0.012052931,0.149631063,0.012052512,0.814211019,0.012052476
552,0.026030684,0.026030684,0.895877263,0.026030684,0.026030684
553,0.375562294,0.183771204,0.412823531,0.013921294,0.013921677
554,0.06196273,0.06196273,0.75214908,0.06196273,0.06196273
555,0.016476183,0.016476183,0.016476944,0.750500401,0.200070289
556,0.009501707,0.118430912,0.009501633,0.738865827,0.123699921
557,0.951788478,0.012052898,0.01205307,0.012052996,0.012052558
558,0.009502766,0.231135142,0.009502361,0.740358349,0.009501383
559,0.026031511,0.026030993,0.398794923,0.523111425,0.026031148
560,0.75214908,0.06196273,0.06196273,0.06196273,0.06196273
561,0.020179625,0.244955097,0.469753588,0.244932064,0.020179625
562,0.036660295,0.036660295,0.036660295,0.85335882,0.036660295
563,0.013921691,0.177802061,0.013921512,0.780433306,0.01392143
564,0.016476775,0.213614645,0.016476509,0.736955684,0.016476387
565,0.716043578,0.234527488,0.016476183,0.016476563,0.016476188
566,0.315887964,0.026032613,0.026030684,0.606018032,0.026030706
567,0.455741774,0.289780362,0.013921851,0.226633138,0.013922874
568,0.199253812,0.013922206,0.013921486,0.758981074,0.013921423
569,0.85335882,0.036660295,0.036660295,0.036660295,0.036660295
570,0.694216195,0.020179994,0.020179625,0.020179625,0.24524456
571,0.181956349,0.013921369,0.013922787,0.612887603,0.177311892
572,0.785597858,0.007841823,0.007841762,0.190876773,0.007841785
573,0.005145747,0.190872739,0.00514523,0.793691092,0.005145192
574,0.036660295,0.036660295,0.036660295,0.85335882,0.036660295
575,0.008592318,0.108669517,0.008592304,0.865553782,0.008592079
576,0.013921691,0.177802061,0.013921512,0.780433306,0.01392143
577,0.020182811,0.919275133,0.02018068,0.020181086,0.02018029
578,0.154636878,0.010626568,0.010626079,0.813484472,0.010626003
579,0.170166982,0.010625974,0.685714801,0.010626756,0.122865487
580,0.010627387,0.247153967,0.010625878,0.720966882,0.010625886
581,0.190375166,0.012054323,0.012052698,0.596785342,0.188732471
582,0.026031581,0.026030684,0.895875405,0.026031645,0.026030684
583,0.026030684,0.026030684,0.895875107,0.02603284,0.026030684
584,0.036660295,0.853357841,0.036660295,0.036660819,0.036660751
585,0.340692212,0.02603294,0.026030962,0.026030685,0.581213201
586,0.016476183,0.199998894,0.016476415,0.750571219,0.016477289
587,0.525108126,0.096764161,0.007842395,0.362443709,0.007841609
588,0.020182179,0.919276031,0.020179941,0.020180416,0.020181433
589,0.013924194,0.183682696,0.013921851,0.774549729,0.01392153
590,0.026030684,0.026030684,0.621120391,0.026030684,0.300787557
591,0.036660295,0.036660295,0.036660295,0.036660295,0.85335882
592,0.986422264,0.00339441,0.003394451,0.003394458,0.003394417
593,0.013921294,0.013921294,0.013921294,0.013921294,0.944314824
594,0.75214908,0.06196273,0.06196273,0.06196273,0.06196273
595,0.752129156,0.061965832,0.061968318,0.061970474,0.06196622
596,0.013921571,0.013921441,0.013921376,0.013921294,0.944314318
597,0.752147031,0.06196273,0.06196273,0.06196273,0.061964779
598,0.002766815,0.988932839,0.002766785,0.002766762,0.0027668
599,0.002166047,0.991335877,0.002166027,0.00216602,0.00216603
600,0.002532695,0.27338774,0.002532622,0.00253265,0.719014293
601,0.006675761,0.006675595,0.973297283,0.006675505,0.006675856
602,0.005458156,0.005458183,0.978167463,0.005457939,0.00545826
603,0.005458017,0.005457957,0.005458015,0.978167994,0.005458017
604,0.965630431,0.008592453,0.008592311,0.008592077,0.008592729
605,0.752147031,0.06196273,0.06196273,0.06196273,0.061964779
606,0.75214908,0.06196273,0.06196273,0.06196273,0.06196273
607,0.75214908,0.06196273,0.06196273,0.06196273,0.06196273
608,0.036660295,0.036660295,0.85335882,0.036660295,0.036660295
609,0.244955109,0.244905335,0.469778952,0.020179625,0.020180979
610,0.75214908,0.06196273,0.06196273,0.06196273,0.06196273
611,0.752147031,0.06196273,0.06196273,0.06196273,0.061964779
612,0.752147031,0.06196273,0.06196273,0.06196273,0.061964779
613,0.06196273,0.06196273,0.061965138,0.752146671,0.061962731
614,0.75214908,0.06196273,0.06196273,0.06196273,0.06196273
615,0.003672049,0.00367207,0.003672049,0.985311774,0.003672059
616,0.322470608,0.160946817,0.010626368,0.18398805,0.321968157
617,0.218447114,0.005811467,0.005811376,0.005811554,0.764118488
618,0.012053643,0.012053283,0.170841877,0.79299711,0.012054087
619,0.976754295,0.005811542,0.005811462,0.005811281,0.00581142
620,0.006213548,0.006213438,0.006213516,0.975146044,0.006213454
621,0.012052775,0.951788415,0.012052806,0.012052707,0.012053297
622,0.00784193,0.00784171,0.968632394,0.007841923,0.007842043
623,0.836416521,0.008592216,0.137806711,0.008592171,0.00859238
624,0.0078419,0.007841852,0.968632445,0.007842041,0.007841762
625,0.012052784,0.414796711,0.414796166,0.012053657,0.146300681
626,0.445137182,0.036660295,0.036660295,0.444881934,0.036660295
627,0.85335882,0.036660295,0.036660295,0.036660295,0.036660295
628,0.85335882,0.036660295,0.036660295,0.036660295,0.036660295
629,0.469730333,0.244953702,0.020179625,0.244955093,0.020181246
630,0.853354636,0.036661555,0.036660993,0.036660295,0.036662521
631,0.605928404,0.026030684,0.315979544,0.026030684,0.026030684
632,0.06196273,0.06196273,0.06196273,0.75214908,0.06196273
633,0.020180481,0.020180953,0.50951928,0.020179625,0.429939661
634,0.153768395,0.010626514,0.010626062,0.814353092,0.010625936
635,0.007212144,0.007212076,0.007211782,0.971152002,0.007211995
636,0.020180137,0.020179816,0.589391815,0.35006832,0.020179912
637,0.026032547,0.02603138,0.026034128,0.02603397,0.895867974
638,0.005811493,0.070529087,0.005811275,0.912036928,0.005811217
639,0.020180406,0.020180334,0.020180498,0.244955094,0.694503669
640,0.020180395,0.020180419,0.919279291,0.020179625,0.020180271
641,0.005458281,0.005458069,0.005458248,0.005458123,0.978167279
642,0.013921615,0.013921585,0.013921653,0.20348118,0.754753967
643,0.003527817,0.003527825,0.003527847,0.003527825,0.985888687
644,0.026033265,0.026030684,0.607977331,0.313928035,0.026030684
645,0.005458056,0.005458124,0.00545805,0.978167765,0.005458006
646,0.378879204,0.342103145,0.007841939,0.113029819,0.158145893
647,0.026030684,0.026030684,0.895877263,0.026030684,0.026030684
648,0.004866351,0.178203473,0.068103936,0.743959513,0.004866727
649,0.375562294,0.183771204,0.412823531,0.013921294,0.013921677
650,0.06196273,0.06196273,0.75214908,0.06196273,0.06196273
651,0.499883327,0.291894131,0.013921522,0.180378407,0.013922613
652,0.85335882,0.036660295,0.036660295,0.036660295,0.036660295
653,0.010626386,0.010625913,0.200184471,0.767936555,0.010626675
654,0.230325409,0.727908408,0.013922149,0.013922283,0.013921752
655,0.026030684,0.605897704,0.026030684,0.316007353,0.026033574
656,0.013922825,0.013921628,0.013921575,0.013921313,0.944312659
657,0.495869346,0.164426507,0.012053913,0.012053858,0.315596375
658,0.026030695,0.315843004,0.026030684,0.606064933,0.026030684
659,0.016476183,0.016476183,0.934095267,0.016476183,0.016476183
660,0.026030684,0.026030708,0.314169789,0.607737066,0.026031752
661,0.020179835,0.020179625,0.919281291,0.020179625,0.020179625
662,0.026032766,0.026033208,0.026030684,0.895872658,0.026030684
663,0.03666235,0.036660295,0.853353837,0.036663223,0.036660295
664,0.013921724,0.176329552,0.531922773,0.26390334,0.013922611
665,0.013921403,0.013921294,0.944314435,0.013921574,0.013921294
666,0.858223155,0.11599985,0.008592506,0.008592,0.008592489
667,0.837545704,0.0054587,0.005458052,0.005458067,0.146079477
668,0.543212837,0.009501445,0.009501407,0.428282945,0.009501366
669,0.75214908,0.06196273,0.06196273,0.06196273,0.06196273
670,0.894052844,0.006213487,0.006213558,0.006213497,0.087306613
671,0.007842139,0.007842059,0.007841709,0.968632181,0.007841912
672,0.473562788,0.244955093,0.241121836,0.020180658,0.020179625
673,0.012052937,0.012052384,0.805535004,0.158306188,0.012053488
674,0.986422264,0.00339441,0.003394451,0.003394458,0.003394417
675,0.013921294,0.013921294,0.013921294,0.013921294,0.944314824
676,0.75214908,0.06196273,0.06196273,0.06196273,0.06196273
677,0.06196273,0.752144152,0.06196273,0.061962754,0.061967633
678,0.002766815,0.988932835,0.002766785,0.002766762,0.002766804
679,0.06196273,0.06196273,0.06196273,0.06196273,0.75214908
680,0.013921571,0.013921441,0.013921376,0.013921294,0.944314318
681,0.002166047,0.991335877,0.002166027,0.00216602,0.00216603
682,0.002532695,0.27338774,0.002532622,0.00253265,0.719014293
683,0.006675761,0.006675595,0.973297283,0.006675505,0.006675856
684,0.005458156,0.005458183,0.978167463,0.005457939,0.00545826
685,0.85335882,0.036660295,0.036660295,0.036660295,0.036660295
686,0.06196273,0.06196273,0.75214908,0.06196273,0.06196273
687,0.036660295,0.036660295,0.85335882,0.036660295,0.036660295
688,0.005458017,0.005457957,0.005458015,0.978167994,0.005458017
689,0.06196273,0.06196273,0.75214908,0.06196273,0.06196273
690,0.965630431,0.008592453,0.008592311,0.008592077,0.008592729
691,0.06196273,0.752144152,0.06196273,0.061962754,0.061967633
692,0.06196273,0.752144152,0.06196273,0.061962754,0.061967633
693,0.02018006,0.020179625,0.469730128,0.469730563,0.020179625
694,0.020180405,0.020180333,0.020181283,0.2448511,0.694606878
695,0.036660827,0.036661118,0.036660706,0.036660295,0.853357054
696,0.009501778,0.009501398,0.961993672,0.009501712,0.00950144
697,0.007841571,0.007842122,0.007841579,0.007841623,0.968633105
698,0.06196273,0.06196273,0.75214908,0.06196273,0.06196273
699,0.020180822,0.919277432,0.020181388,0.020179625,0.020180733
700,0.009502395,0.009501568,0.009501575,0.733274303,0.238220158
701,0.003672049,0.00367207,0.003672049,0.985311774,0.003672059
702,0.218447114,0.005811467,0.005811376,0.005811554,0.764118488
703,0.012052817,0.012053095,0.504006637,0.012052415,0.459835036
704,0.06196273,0.06196273,0.75214908,0.06196273,0.06196273
705,0.976754295,0.005811542,0.005811462,0.005811281,0.00581142
706,0.00784193,0.00784171,0.968632394,0.007841923,0.007842043
707,0.836416521,0.008592216,0.137806711,0.008592171,0.00859238
708,0.0078419,0.007841852,0.968632445,0.007842041,0.007841762
709,0.016477347,0.016476276,0.220303897,0.730264593,0.016477886
710,0.016476525,0.016476311,0.688736405,0.261834385,0.016476375
711,0.06196273,0.06196273,0.06196273,0.75214908,0.06196273
712,0.296160797,0.020180024,0.643296591,0.020181605,0.020180983
713,0.895869704,0.026032298,0.026031969,0.026030684,0.026035344
714,0.036660295,0.036660295,0.853357207,0.036660295,0.036661908
715,0.242623545,0.020179625,0.020179989,0.696837216,0.020179625
716,0.016476493,0.934094651,0.016476335,0.016476338,0.016476183
717,0.477587377,0.020181183,0.461868092,0.020179645,0.020183704
718,0.016476455,0.016476183,0.934094766,0.016476413,0.016476183
719,0.016476627,0.212460926,0.738108043,0.016476966,0.016477438
720,0.005458281,0.005458069,0.005458248,0.005458123,0.978167279
721,0.010625878,0.010625878,0.9574964,0.010625965,0.010625878
722,0.013922977,0.013921879,0.772001684,0.186231132,0.013922328
723,0.298833719,0.020180523,0.415851033,0.020179631,0.244955094
724,0.00950181,0.149325515,0.822168778,0.009501715,0.009502183
725,0.383523507,0.016476183,0.567046149,0.016476593,0.016477568
726,0.009501425,0.009501652,0.009501438,0.009501314,0.961994171
727,0.010626452,0.010625999,0.010626153,0.957495359,0.010626037
728,0.003527817,0.003527825,0.003527847,0.003527825,0.985888687
729,0.115333858,0.115333917,0.144078104,0.009501444,0.615752677
730,0.012052897,0.012054378,0.430808294,0.012052386,0.533032046
731,0.036660295,0.036660295,0.036660295,0.85335882,0.036660295
732,0.026030684,0.026030684,0.895877263,0.026030684,0.026030684
733,0.01647804,0.016476462,0.750673411,0.199895376,0.016476711
734,0.026030684,0.026030684,0.895877263,0.026030684,0.026030684
735,0.016476422,0.016476553,0.016476389,0.567047634,0.383523002
736,0.375562294,0.183771204,0.412823531,0.013921294,0.013921677
737,0.020180209,0.020179625,0.020180848,0.919279693,0.020179625
738,0.06196273,0.06196273,0.06196273,0.75214908,0.06196273
739,0.013921548,0.013921389,0.944313884,0.013921742,0.013921437
740,0.951787466,0.012052909,0.012052922,0.012053058,0.012053646
741,0.010626186,0.128984698,0.839137259,0.010625979,0.010625878
742,0.185375069,0.013921371,0.274058665,0.512722723,0.013922172
743,0.036660295,0.036660295,0.85335882,0.036660295,0.036660295
744,0.036660295,0.036660295,0.036660295,0.85335882,0.036660295
745,0.75214908,0.06196273,0.06196273,0.06196273,0.06196273
746,0.85335882,0.036660295,0.036660295,0.036660295,0.036660295
747,0.020179625,0.020179625,0.9192815,0.020179625,0.020179625
748,0.273355884,0.185741896,0.192661556,0.193815191,0.154425474
749,0.951788077,0.012052527,0.012052797,0.012053247,0.012053352
750,0.016476183,0.197516864,0.016477106,0.753052351,0.016477495
751,0.740419367,0.210150076,0.016477138,0.016476981,0.016476437
752,0.0164767,0.016477364,0.688600871,0.261968691,0.016476374
753,0.06196273,0.06196273,0.06196273,0.75214908,0.06196273
754,0.036660295,0.036660295,0.853357594,0.036661521,0.036660295
755,0.06196273,0.06196273,0.75214908,0.06196273,0.06196273
756,0.622796667,0.013922317,0.013922541,0.013921294,0.335437181
757,0.69448515,0.244969567,0.020186033,0.020179625,0.020179625
758,0.75214569,0.06196273,0.06196612,0.06196273,0.06196273
759,0.026033874,0.026032148,0.026031414,0.605926161,0.315976403
760,0.013921478,0.013921349,0.013921585,0.944314211,0.013921377
761,0.016476183,0.016476183,0.934095267,0.016476183,0.016476183
762,0.445009558,0.036660295,0.445009558,0.036660295,0.036660295
763,0.986422264,0.00339441,0.003394451,0.003394458,0.003394417
764,0.013921294,0.013921294,0.013921294,0.013921294,0.944314824
765,0.036660295,0.036660295,0.453401437,0.036660295,0.436617679
766,0.06196273,0.06196273,0.75214908,0.06196273,0.06196273
767,0.013921571,0.013921441,0.013921376,0.013921294,0.944314318
768,0.036660295,0.036660295,0.85335882,0.036660295,0.036660295
769,0.002766815,0.988932839,0.002766785,0.002766762,0.0027668
770,0.002166047,0.991335877,0.002166027,0.00216602,0.00216603
771,0.026030684,0.026030684,0.314889562,0.026030684,0.607018386
772,0.002532695,0.27338774,0.002532622,0.00253265,0.719014293
773,0.020179957,0.020179749,0.020179965,0.919280518,0.020179811
774,0.006675761,0.006675595,0.973297283,0.006675505,0.006675856
775,0.005458156,0.005458183,0.978167463,0.005457939,0.00545826
776,0.005458017,0.005457957,0.005458015,0.978167994,0.005458017
777,0.965630431,0.008592453,0.008592311,0.008592077,0.008592729
778,0.020179756,0.020179828,0.020179948,0.020179625,0.919280843
779,0.020180059,0.020179787,0.020180241,0.675678451,0.263781461
780,0.010627361,0.242718086,0.010625882,0.010625935,0.725402737
781,0.872105357,0.104368796,0.007841878,0.007842037,0.007841932
782,0.003672049,0.00367207,0.003672049,0.985311774,0.003672059
783,0.218447114,0.005811467,0.005811376,0.005811554,0.764118488
784,0.789207299,0.013921294,0.013921294,0.169028819,0.013921294
785,0.976754295,0.005811542,0.005811462,0.005811281,0.00581142
786,0.00784193,0.00784171,0.968632394,0.007841923,0.007842043
787,0.836416521,0.008592216,0.137806711,0.008592171,0.00859238
788,0.436899927,0.084859768,0.336078347,0.004866949,0.137295009
789,0.0078419,0.007841852,0.968632445,0.007842041,0.007841762
790,0.026031705,0.026031066,0.895872778,0.026032485,0.026031966
791,0.370542537,0.013921957,0.013921594,0.013922552,0.587691359
792,0.026030684,0.026030684,0.621143821,0.026030684,0.300764127
793,0.036660295,0.036660295,0.85335882,0.036660295,0.036660295
794,0.005458247,0.2104459,0.399809628,0.233532044,0.150754181
795,0.005458281,0.005458069,0.005458248,0.005458123,0.978167279
796,0.013921764,0.013921349,0.013921604,0.944313906,0.013921377
797,0.895867853,0.026032985,0.0260321,0.02603172,0.026035342
798,0.85335882,0.036660295,0.036660295,0.036660295,0.036660295
799,0.013921599,0.013921446,0.94431408,0.013921294,0.013921581
800,0.06196273,0.06196273,0.75214908,0.06196273,0.06196273
801,0.003527817,0.003527825,0.003527847,0.003527825,0.985888687
802,0.005458553,0.269106457,0.468891082,0.25108596,0.005457948
803,0.020179625,0.020179625,0.713879748,0.020179625,0.225581377
804,0.026030684,0.026030684,0.895877263,0.026030684,0.026030684
805,0.375562294,0.183771204,0.412823531,0.013921294,0.013921677
806,0.06196273,0.06196273,0.06196273,0.75214908,0.06196273
807,0.33224891,0.12442242,0.007211717,0.528905211,0.007211742
808,0.036660295,0.036660295,0.85335882,0.036660295,0.036660295
809,0.06196273,0.06196273,0.75214908,0.06196273,0.06196273
810,0.036660295,0.036660295,0.85335882,0.036660295,0.036660295
811,0.06196273,0.06196273,0.75214908,0.06196273,0.06196273
812,0.008592987,0.18251129,0.791710903,0.008592819,0.008592
813,0.036660295,0.036660295,0.85335882,0.036660295,0.036660295
814,0.498339791,0.016476364,0.246840612,0.016477034,0.221866199
815,0.036660295,0.036660295,0.85335882,0.036660295,0.036660295
816,0.036660295,0.036660295,0.85335882,0.036660295,0.036660295
817,0.016477511,0.016478256,0.1999966,0.750571451,0.016476183
818,0.919281028,0.020179625,0.020179625,0.020180097,0.020179625
819,0.026030684,0.315977801,0.605928399,0.02603162,0.026031495
820,0.026030684,0.026030684,0.895877263,0.026030684,0.026030684
821,0.986422264,0.00339441,0.003394451,0.003394458,0.003394417
822,0.013921294,0.013921294,0.013921294,0.013921294,0.944314824
823,0.06196273,0.06196273,0.75214908,0.06196273,0.06196273
824,0.002766815,0.988932839,0.002766785,0.002766762,0.0027668
825,0.013921571,0.013921441,0.013921376,0.013921294,0.944314318
826,0.06196273,0.06196273,0.75214908,0.06196273,0.06196273
827,0.002166047,0.991335877,0.002166027,0.00216602,0.00216603
828,0.020179625,0.020179625,0.469593018,0.244969698,0.245078034
829,0.002532695,0.27338774,0.002532622,0.00253265,0.719014293
830,0.006675761,0.006675595,0.973297283,0.006675505,0.006675856
831,0.036660295,0.036660295,0.85335882,0.036660295,0.036660295
832,0.005458156,0.005458183,0.978167463,0.005457939,0.00545826
833,0.026030684,0.026030684,0.895877263,0.026030684,0.026030684
834,0.005458017,0.005457957,0.005458015,0.978167994,0.005458017
835,0.965630431,0.008592453,0.008592311,0.008592077,0.008592729
836,0.012052775,0.951788415,0.012052806,0.012052707,0.012053297
837,0.012053971,0.389497591,0.321412998,0.138865534,0.138169906
838,0.016477045,0.01647628,0.016476548,0.739759102,0.210811025
839,0.06196273,0.06196273,0.752149065,0.06196273,0.061962745
840,0.026030684,0.895875497,0.026030684,0.02603245,0.026030684
841,0.012052775,0.951788415,0.012052806,0.012052707,0.012053297
842,0.036660295,0.036660295,0.036660295,0.85335882,0.036660295
843,0.856161536,0.009501517,0.009501717,0.009501316,0.115333915
844,0.036660295,0.036660295,0.036661574,0.853357542,0.036660295
845,0.003672049,0.00367207,0.003672049,0.985311774,0.003672059
846,0.218447114,0.005811467,0.005811376,0.005811554,0.764118488
847,0.315979662,0.026030684,0.321941846,0.026030684,0.310017124
848,0.020179625,0.020179625,0.919280204,0.020180922,0.020179625
849,0.694507925,0.020179625,0.020179625,0.2449532,0.020179625
850,0.06196273,0.06196273,0.75214908,0.06196273,0.06196273
851,0.976754295,0.005811542,0.005811462,0.005811281,0.00581142
852,0.49746113,0.226146094,0.007841891,0.110710402,0.157840483
853,0.00784193,0.00784171,0.968632394,0.007841923,0.007842043
854,0.836416521,0.008592216,0.137806711,0.008592171,0.00859238
855,0.0078419,0.007841852,0.968632445,0.007842041,0.007841762
856,0.026030684,0.315924252,0.026030684,0.026030684,0.605983696
857,0.026030684,0.02603318,0.026033164,0.315977247,0.605925725
858,0.036660295,0.036660295,0.85335882,0.036660295,0.036660295
859,0.75214908,0.06196273,0.06196273,0.06196273,0.06196273
860,0.005458281,0.005458069,0.005458248,0.005458123,0.978167279
861,0.003527817,0.003527825,0.003527847,0.003527825,0.985888687
862,0.026032038,0.026032777,0.895867764,0.026030684,0.026036736
863,0.026030684,0.026030684,0.895877263,0.026030684,0.026030684
864,0.009501539,0.120450907,0.851044641,0.009501521,0.009501392
865,0.375562294,0.183771204,0.412823531,0.013921294,0.013921677
866,0.012052664,0.01205247,0.012052539,0.810342628,0.153499699
867,0.75214908,0.06196273,0.06196273,0.06196273,0.06196273
868,0.036660295,0.036660295,0.036660295,0.036660295,0.85335882
869,0.036660295,0.036660295,0.85335882,0.036660295,0.036660295
870,0.413578371,0.016476321,0.283424819,0.270044099,0.01647639
871,0.020179625,0.020179625,0.020179625,0.9192815,0.020179625
872,0.009501503,0.009501384,0.262433794,0.507889049,0.21067427
873,0.009501631,0.374396452,0.302948911,0.118780996,0.19437201
874,0.036660295,0.036660295,0.85335882,0.036660295,0.036660295
875,0.036660295,0.036660295,0.85335882,0.036660295,0.036660295
876,0.986422264,0.00339441,0.003394451,0.003394458,0.003394417
877,0.013921294,0.013921294,0.013921294,0.013921294,0.944314824
878,0.036660295,0.036660295,0.85335882,0.036660295,0.036660295
879,0.013921571,0.013921441,0.013921376,0.013921294,0.944314318
880,0.002766815,0.988932837,0.002766785,0.002766762,0.002766802
881,0.002166047,0.991335877,0.002166027,0.00216602,0.00216603
882,0.002532695,0.27338774,0.002532622,0.00253265,0.719014293
883,0.006675761,0.006675595,0.973297283,0.006675505,0.006675856
884,0.005458156,0.005458183,0.978167463,0.005457939,0.00545826
885,0.005458017,0.005457957,0.005458015,0.978167994,0.005458017
886,0.965630431,0.008592453,0.008592311,0.008592077,0.008592729
887,0.85335882,0.036660295,0.036660295,0.036660295,0.036660295
888,0.036660295,0.445008153,0.445009558,0.036660295,0.036661699
889,0.525357027,0.012052497,0.012053168,0.438484755,0.012052554
890,0.010626015,0.355846125,0.010626045,0.010626623,0.612275192
891,0.85335882,0.036660295,0.036660295,0.036660295,0.036660295
892,0.026031537,0.026031293,0.895874648,0.026030684,0.026031837
893,0.026031759,0.026030684,0.895876189,0.026030684,0.026030684
894,0.036660295,0.036660295,0.85335882,0.036660295,0.036660295
895,0.036662234,0.03666168,0.853351841,0.03666133,0.036662915
896,0.003672049,0.00367207,0.003672049,0.985311774,0.003672059
897,0.218447114,0.005811467,0.005811376,0.005811554,0.764118488
898,0.016476668,0.016476933,0.934090996,0.016477054,0.016478348
899,0.976754295,0.005811542,0.005811462,0.005811281,0.00581142
900,0.315977274,0.026030684,0.605928403,0.026032955,0.026030684
901,0.06196273,0.06196273,0.06196273,0.752149079,0.061962731
902,0.00784193,0.00784171,0.968632394,0.007841923,0.007842043
903,0.836416521,0.008592216,0.137806711,0.008592171,0.00859238
904,0.0078419,0.007841852,0.968632445,0.007842041,0.007841762
905,0.016478392,0.016476944,0.016476368,0.56704644,0.383521856
906,0.036660827,0.036661118,0.036660706,0.036660295,0.853357054
907,0.026031972,0.026030684,0.513768827,0.408136005,0.026032511
908,0.026030684,0.026030684,0.895877263,0.026030684,0.026030684
909,0.036661474,0.036662126,0.85335581,0.036660295,0.036660295
910,0.026031705,0.026031066,0.895872778,0.026032485,0.026031966
911,0.036660295,0.036660295,0.85335882,0.036660295,0.036660295
912,0.06196273,0.06196273,0.75214908,0.06196273,0.06196273
913,0.036660295,0.036660295,0.44501155,0.445003782,0.036664078
914,0.036660295,0.036660295,0.85335882,0.036660295,0.036660295
915,0.06196273,0.06196273,0.75214908,0.06196273,0.06196273
916,0.451686308,0.026031131,0.470218414,0.026032793,0.026031354
917,0.020180395,0.020180419,0.919279291,0.020179625,0.020180271
918,0.026030684,0.026030684,0.605928418,0.315979529,0.026030684
919,0.005458281,0.005458069,0.005458248,0.005458123,0.978167279
920,0.026030684,0.026030684,0.026030684,0.895877263,0.026030684
921,0.026030684,0.315979554,0.605928394,0.026030684,0.026030684
922,0.003527817,0.003527825,0.003527847,0.003527825,0.985888687
923,0.036660295,0.036660295,0.85335882,0.036660295,0.036660295
924,0.008592277,0.217695747,0.008592213,0.756527557,0.008592206
925,0.005811926,0.00581162,0.638343756,0.005811478,0.344221219
926,0.564002894,0.00545807,0.163113533,0.005458184,0.261967319
927,0.007841571,0.007842291,0.007841579,0.007841623,0.968632936
928,0.036660295,0.445008153,0.036660295,0.445009558,0.036661699
929,0.036660295,0.036660295,0.85335882,0.036660295,0.036660295
930,0.026030684,0.026030684,0.026030684,0.026030684,0.895877263
931,0.036660295,0.036660295,0.85335882,0.036660295,0.036660295
932,0.036660295,0.036660295,0.036660295,0.036660295,0.85335882
933,0.036660295,0.036660295,0.85335882,0.036660295,0.036660295
934,0.642112039,0.020179625,0.020180368,0.297348343,0.020179625
935,0.020180184,0.020179625,0.020179637,0.020179625,0.91928093
936,0.026030684,0.026030684,0.895877263,0.026030684,0.026030684
937,0.375562294,0.183771204,0.412823531,0.013921294,0.013921677
938,0.895876703,0.026030684,0.026030684,0.026031245,0.026030684
939,0.301900955,0.008592159,0.405836559,0.134315537,0.14935479
940,0.89587383,0.02603143,0.026031962,0.026030684,0.026032095
941,0.06196273,0.06196273,0.06196273,0.75214908,0.06196273
942,0.919280337,0.020179806,0.020179951,0.020180078,0.020179828
943,0.036660295,0.036660295,0.85335882,0.036660295,0.036660295
944,0.85335882,0.036660295,0.036660295,0.036660295,0.036660295
945,0.026030684,0.026030684,0.895876489,0.026031457,0.026030686
946,0.026031631,0.026032148,0.026031414,0.605928403,0.315976404
947,0.895869703,0.026032776,0.026031489,0.026030684,0.026035348
948,0.167681913,0.012053593,0.012054465,0.796155415,0.012054614
949,0.036660295,0.036660295,0.85335882,0.036660295,0.036660295
950,0.036661217,0.853356932,0.036661262,0.036660295,0.036660295
951,0.008592562,0.008592488,0.734491939,0.239730612,0.008592399
952,0.06196273,0.06196273,0.75214908,0.06196273,0.06196273
953,0.026030688,0.026030684,0.895877011,0.026030932,0.026030684
954,0.244884099,0.020181121,0.244954931,0.469799313,0.020180536
955,0.016476713,0.016477006,0.383522464,0.383523817,0.2
956,0.06196273,0.06196273,0.06196273,0.06196273,0.75214908
957,0.036660295,0.445008153,0.445009558,0.036660295,0.036661699
958,0.85335882,0.036660295,0.036660295,0.036660295,0.036660295
959,0.895873934,0.026031924,0.02603102,0.026031459,0.026031664
960,0.020180104,0.020179967,0.919280033,0.020179625,0.020180272
961,0.036663619,0.853346908,0.036664363,0.036660295,0.036664816
962,0.036660295,0.036660295,0.85335882,0.036660295,0.036660295
963,0.026030706,0.026030684,0.026034023,0.895873902,0.026030684
964,0.020180395,0.020180419,0.91927929,0.020179625,0.020180271
965,0.036660295,0.036660295,0.85335882,0.036660295,0.036660295
