,background,1,2,3,4
i...what,3.07E-08,5.13E-08,6.38E-08,0.000603519,1.52E-07
mix,3.07E-08,0.003079952,6.38E-08,6.03E-08,1.52E-07
too!,0.000613694,5.13E-08,6.38E-08,6.03E-08,1.52E-07
beat,0.000613694,5.13E-08,6.38E-08,6.03E-08,1.52E-07
starch,3.07E-08,0.005133219,6.38E-08,6.03E-08,0.045584911
{s040},0.002761517,5.13E-08,6.38E-08,6.03E-08,1.52E-07
instructor,3.07E-08,0.007186487,6.38E-08,6.03E-08,1.52E-07
strach,3.07E-08,0.000513368,6.38E-08,6.03E-08,1.52E-07
hint,0.000306862,5.13E-08,6.38E-08,6.03E-08,1.52E-07
did....but,0.000306862,5.13E-08,6.38E-08,6.03E-08,1.52E-07
haha..were,0.000306862,5.13E-08,6.38E-08,6.03E-08,1.52E-07
imma,0.000306862,5.13E-08,6.38E-08,6.03E-08,1.52E-07
everyone,0.001841021,5.13E-08,6.38E-08,6.03E-08,1.52E-07
weight,0.001227358,0.008726437,6.38E-08,6.03E-08,1.52E-07
dear,3.07E-08,0.000513368,6.38E-08,6.03E-08,1.52E-07
he/she/it,0.000306862,5.13E-08,6.38E-08,6.03E-08,1.52E-07
answers,0.000613694,5.13E-08,6.38E-08,6.03E-08,1.52E-07
was,0.005829835,0.017452822,0.014038602,6.03E-08,0.001519644
opposite.,0.000306862,5.13E-08,6.38E-08,0.007845021,1.52E-07
ok,0.006443498,0.001026685,6.38E-08,0.009051938,1.52E-07
{s063},0.001227358,5.13E-08,6.38E-08,6.03E-08,1.52E-07
saturday,0.000306862,5.13E-08,6.38E-08,6.03E-08,1.52E-07
guys!,0.000613694,5.13E-08,6.38E-08,6.03E-08,1.52E-07
lady,0.000613694,5.13E-08,6.38E-08,6.03E-08,1.52E-07
she[{s034},0.000306862,5.13E-08,6.38E-08,6.03E-08,1.52E-07
alright,0.000613694,5.13E-08,6.38E-08,6.03E-08,1.52E-07
happened,0.004602508,5.13E-08,6.38E-08,6.03E-08,1.52E-07
35,0.000306862,5.13E-08,6.38E-08,6.03E-08,1.52E-07
challenger.,0.001227358,5.13E-08,0.006381218,6.03E-08,1.52E-07
smartness,0.000306862,5.13E-08,6.38E-08,6.03E-08,1.52E-07
very,0.000306862,5.13E-08,6.38E-08,6.03E-08,1.52E-07
chart,0.000306862,5.13E-08,6.38E-08,6.03E-08,1.52E-07
little,0.000306862,5.13E-08,6.38E-08,6.03E-08,1.52E-07
s061,0.000613694,5.13E-08,0.001276295,6.03E-08,1.52E-07
byee,0.000306862,5.13E-08,6.38E-08,6.03E-08,1.52E-07
statement,0.001227358,5.13E-08,0.006381218,6.03E-08,1.52E-07
0.6,3.07E-08,0.000513368,6.38E-08,6.03E-08,1.52E-07
different,0.004909339,0.000513368,6.38E-08,6.03E-08,1.52E-07
idk,0.00337518,5.13E-08,6.38E-08,6.03E-08,1.52E-07
condtion,3.07E-08,5.13E-08,6.38E-08,0.000603519,1.52E-07
kid,0.000306862,5.13E-08,6.38E-08,6.03E-08,1.52E-07
together,0.000306862,0.001026685,6.38E-08,6.03E-08,1.52E-07
don't,0.000613694,5.13E-08,6.38E-08,6.03E-08,1.52E-07
gonna,0.001227358,0.000513368,6.38E-08,6.03E-08,1.52E-07
noooo!!!,3.07E-08,0.000513368,6.38E-08,6.03E-08,1.52E-07
yup,0.000306862,5.13E-08,6.38E-08,6.03E-08,1.52E-07
suspension.,3.07E-08,5.13E-08,6.38E-08,6.03E-08,0.022792531
for.,3.07E-08,5.13E-08,6.38E-08,0.006638104,1.52E-07
thinking,0.000613694,5.13E-08,6.38E-08,6.03E-08,1.52E-07
never,3.07E-08,0.001540002,6.38E-08,6.03E-08,1.52E-07
confusedd,3.07E-08,5.13E-08,0.000638179,6.03E-08,1.52E-07
jus,3.07E-08,0.000513368,6.38E-08,6.03E-08,1.52E-07
explination,0.000306862,5.13E-08,6.38E-08,6.03E-08,1.52E-07
forward,0.000306862,5.13E-08,6.38E-08,6.03E-08,1.52E-07
suppose,3.07E-08,0.000513368,6.38E-08,6.03E-08,1.52E-07
watching,0.002147853,5.13E-08,6.38E-08,6.03E-08,1.52E-07
a,0.013807461,0.021559357,0.01850541,0.054311328,0.050143387
umm...im,0.000306862,5.13E-08,6.38E-08,6.03E-08,1.52E-07
explanation,0.005829835,0.005133219,0.016591064,0.000603519,1.52E-07
goes,3.07E-08,0.000513368,6.38E-08,6.03E-08,1.52E-07
us!!!,0.000306862,5.13E-08,6.38E-08,6.03E-08,1.52E-07
dthen,0.000306862,5.13E-08,6.38E-08,6.03E-08,1.52E-07
{s029},0.000306862,5.13E-08,6.38E-08,6.03E-08,1.52E-07
either,0.000613694,5.13E-08,6.38E-08,6.03E-08,1.52E-07
explaination,3.07E-08,0.000513368,6.38E-08,6.03E-08,0.001519644
english,0.000306862,5.13E-08,6.38E-08,6.03E-08,1.52E-07
she,0.002761517,5.13E-08,6.38E-08,6.03E-08,1.52E-07
5th,3.07E-08,0.000513368,6.38E-08,6.03E-08,1.52E-07
here,0.001227358,5.13E-08,6.38E-08,6.03E-08,1.52E-07
stay,3.07E-08,0.000513368,6.38E-08,6.03E-08,1.52E-07
hours,0.000306862,0.002053319,6.38E-08,6.03E-08,1.52E-07
write,0.002147853,5.13E-08,6.38E-08,0.017500358,0.001519644
weigtt,3.07E-08,0.000513368,6.38E-08,6.03E-08,1.52E-07
another,0.000306862,0.000513368,6.38E-08,6.03E-08,1.52E-07
critisizeing,0.000306862,5.13E-08,6.38E-08,6.03E-08,1.52E-07
okay,0.000920526,0.001540002,6.38E-08,6.03E-08,1.52E-07
620,3.07E-08,5.13E-08,6.38E-08,6.03E-08,0.001519644
happpned,0.000306862,5.13E-08,6.38E-08,6.03E-08,1.52E-07
doing,0.002147853,5.13E-08,6.38E-08,6.03E-08,1.52E-07
{s062},0.000920526,5.13E-08,6.38E-08,6.03E-08,1.52E-07
hahahahahha,0.000306862,5.13E-08,6.38E-08,6.03E-08,1.52E-07
{s009},0.000306862,5.13E-08,6.38E-08,6.03E-08,1.52E-07
stays,3.07E-08,0.000513368,6.38E-08,6.03E-08,1.52E-07
then,0.002147853,0.004106586,6.38E-08,6.03E-08,1.52E-07
explantion,3.07E-08,0.000513368,6.38E-08,6.03E-08,1.52E-07
shut,0.000306862,5.13E-08,6.38E-08,6.03E-08,1.52E-07
type,0.000920526,5.13E-08,6.38E-08,6.03E-08,1.52E-07
we're,0.000306862,5.13E-08,6.38E-08,6.03E-08,1.52E-07
{s029}!,3.07E-08,5.13E-08,6.38E-08,0.000603519,1.52E-07
{s021},3.07E-08,0.000513368,6.38E-08,6.03E-08,1.52E-07
s043.,3.07E-08,5.13E-08,0.000638179,6.03E-08,1.52E-07
changes,3.07E-08,0.000513368,6.38E-08,6.03E-08,1.52E-07
findthe,3.07E-08,0.000513368,6.38E-08,6.03E-08,1.52E-07
leave,0.000306862,5.13E-08,6.38E-08,6.03E-08,1.52E-07
challenged,0.001227358,5.13E-08,0.006381218,6.03E-08,1.52E-07
around,0.000306862,5.13E-08,6.38E-08,6.03E-08,1.52E-07
care,0.000306862,5.13E-08,6.38E-08,6.03E-08,1.52E-07
didnt,0.002147853,0.001540002,6.38E-08,6.03E-08,1.52E-07
with,0.003988844,0.004619903,0.009571795,6.03E-08,0.047104403
gets,0.000306862,5.13E-08,6.38E-08,6.03E-08,1.52E-07
s056,3.07E-08,0.000513368,0.000638179,6.03E-08,1.52E-07
challenger,0.000306862,5.13E-08,6.38E-08,6.03E-08,1.52E-07
third,0.001227358,5.13E-08,6.38E-08,6.03E-08,1.52E-07
attractes,0.000306862,5.13E-08,6.38E-08,6.03E-08,1.52E-07
than,0.000613694,0.002566635,6.38E-08,6.03E-08,1.52E-07
revoicer,0.000306862,5.13E-08,6.38E-08,6.03E-08,1.52E-07
2nd,0.000306862,5.13E-08,6.38E-08,6.03E-08,1.52E-07
lines,0.000306862,5.13E-08,6.38E-08,6.03E-08,1.52E-07
glocos,0.000306862,5.13E-08,6.38E-08,6.03E-08,1.52E-07
shes,3.07E-08,5.13E-08,6.38E-08,6.03E-08,0.001519644
written,0.000306862,5.13E-08,6.38E-08,6.03E-08,1.52E-07
{s046},0.00153419,5.13E-08,6.38E-08,6.03E-08,1.52E-07
couple,0.000306862,5.13E-08,6.38E-08,6.03E-08,1.52E-07
s044,0.000306862,5.13E-08,0.000638179,6.03E-08,1.52E-07
s057.,3.07E-08,5.13E-08,0.000638179,6.03E-08,1.52E-07
absorbed,3.07E-08,5.13E-08,6.38E-08,6.03E-08,0.001519644
agree,0.002147853,0.000513368,0.008933679,6.03E-08,1.52E-07
called,0.000306862,5.13E-08,6.38E-08,6.03E-08,1.52E-07
s020,3.07E-08,0.000513368,0.00191441,6.03E-08,1.52E-07
word,0.000920526,5.13E-08,6.38E-08,6.03E-08,1.52E-07
now,0.010432312,5.13E-08,0.002552525,0.017500358,1.52E-07
hood,0.000306862,5.13E-08,6.38E-08,6.03E-08,1.52E-07
areu,3.07E-08,5.13E-08,6.38E-08,6.03E-08,0.001519644
observed,0.008591321,5.13E-08,6.38E-08,0.019310733,1.52E-07
amount,0.000306862,5.13E-08,6.38E-08,6.03E-08,1.52E-07
mkkk.,0.000306862,5.13E-08,6.38E-08,6.03E-08,1.52E-07
{s004},0.000613694,5.13E-08,0.000638179,6.03E-08,1.52E-07
lol,0.002454685,5.13E-08,6.38E-08,6.03E-08,1.52E-07
but,0.002454685,0.003593269,6.38E-08,6.03E-08,1.52E-07
omqq,0.000306862,5.13E-08,6.38E-08,6.03E-08,1.52E-07
nope,0.000613694,5.13E-08,6.38E-08,6.03E-08,1.52E-07
perosn,0.000306862,5.13E-08,6.38E-08,6.03E-08,1.52E-07
doctor,0.000306862,5.13E-08,6.38E-08,6.03E-08,1.52E-07
strarch,3.07E-08,0.000513368,6.38E-08,6.03E-08,1.52E-07
hope,0.000306862,5.13E-08,6.38E-08,6.03E-08,1.52E-07
{s042},0.000613694,5.13E-08,6.38E-08,6.03E-08,1.52E-07
s043,3.07E-08,5.13E-08,0.001276295,6.03E-08,1.52E-07
help!,0.000306862,0.000513368,6.38E-08,6.03E-08,1.52E-07
home,0.000306862,5.13E-08,6.38E-08,6.03E-08,1.52E-07
bcuz,0.000306862,5.13E-08,6.38E-08,6.03E-08,1.52E-07
waterr,3.07E-08,0.000513368,6.38E-08,6.03E-08,1.52E-07
umm,0.000306862,0.000513368,6.38E-08,6.03E-08,1.52E-07
all.,3.07E-08,0.007699803,6.38E-08,0.00844848,1.52E-07
dunt,0.000306862,5.13E-08,6.38E-08,6.03E-08,1.52E-07
fazt,0.000306862,5.13E-08,6.38E-08,6.03E-08,1.52E-07
isnt,0.000613694,5.13E-08,6.38E-08,6.03E-08,1.52E-07
dumb,0.000306862,5.13E-08,6.38E-08,6.03E-08,1.52E-07
gluecose/,3.07E-08,0.000513368,6.38E-08,6.03E-08,1.52E-07
showing,3.07E-08,5.13E-08,6.38E-08,0.009051938,1.52E-07
baad,0.000306862,5.13E-08,6.38E-08,6.03E-08,1.52E-07
{s008},3.07E-08,5.13E-08,0.001276295,6.03E-08,1.52E-07
hate,0.000613694,5.13E-08,6.38E-08,6.03E-08,1.52E-07
ontha,3.07E-08,0.000513368,6.38E-08,6.03E-08,1.52E-07
ask,0.00153419,5.13E-08,0.003828756,6.03E-08,1.52E-07
mom,0.000306862,5.13E-08,6.38E-08,6.03E-08,1.52E-07
talk!!!,0.000306862,5.13E-08,6.38E-08,6.03E-08,1.52E-07
rest,0.00153419,5.13E-08,6.38E-08,6.03E-08,1.52E-07
doing....,0.000306862,5.13E-08,6.38E-08,6.03E-08,1.52E-07
disperssed,3.07E-08,0.000513368,6.38E-08,6.03E-08,1.52E-07
weighht,3.07E-08,0.000513368,6.38E-08,6.03E-08,1.52E-07
again,0.000306862,0.001540002,0.000638179,6.03E-08,1.52E-07
s041,0.000613694,0.000513368,0.00191441,6.03E-08,1.52E-07
any,0.00153419,5.13E-08,6.38E-08,6.03E-08,1.52E-07
screen,0.000306862,5.13E-08,6.38E-08,6.03E-08,1.52E-07
{s047},0.001841021,5.13E-08,0.001276295,6.03E-08,1.52E-07
{s064},0.001227358,5.13E-08,6.38E-08,6.03E-08,1.52E-07
two<,3.07E-08,0.000513368,6.38E-08,6.03E-08,1.52E-07
h20,3.07E-08,0.000513368,6.38E-08,6.03E-08,1.52E-07
want,0.000306862,0.001026685,6.38E-08,6.03E-08,1.52E-07
looking,3.07E-08,0.007186487,6.38E-08,0.001810436,1.52E-07
mark,0.003988844,5.13E-08,6.38E-08,6.03E-08,1.52E-07
slowlyu,3.07E-08,0.000513368,6.38E-08,6.03E-08,1.52E-07
s027.,3.07E-08,5.13E-08,0.000638179,6.03E-08,1.52E-07
top,0.000306862,5.13E-08,6.38E-08,6.03E-08,1.52E-07
{s060},0.000306862,5.13E-08,0.00191441,6.03E-08,1.52E-07
lost,0.000920526,0.003079952,6.38E-08,6.03E-08,1.52E-07
side.,3.07E-08,0.000513368,6.38E-08,6.03E-08,1.52E-07
neither,3.07E-08,5.13E-08,6.38E-08,0.000603519,1.52E-07
their,0.000613694,5.13E-08,0.008295564,6.03E-08,1.52E-07
understand,0.001227358,5.13E-08,6.38E-08,6.03E-08,1.52E-07
solution,0.000306862,0.001026685,6.38E-08,0.009051938,0.022792531
wat,0.00337518,5.13E-08,6.38E-08,6.03E-08,1.52E-07
hav,0.000613694,5.13E-08,6.38E-08,6.03E-08,1.52E-07
confusing....,0.000306862,5.13E-08,6.38E-08,6.03E-08,1.52E-07
all,0.009818648,5.13E-08,6.38E-08,6.03E-08,1.52E-07
agreement,3.07E-08,5.13E-08,6.38E-08,0.009051938,1.52E-07
5hrs,0.000306862,5.13E-08,6.38E-08,6.03E-08,1.52E-07
desktop,3.07E-08,5.13E-08,6.38E-08,6.03E-08,0.024312023
mesomething,3.07E-08,5.13E-08,6.38E-08,0.000603519,1.52E-07
all!,3.07E-08,0.007186487,6.38E-08,6.03E-08,1.52E-07
hoody,0.000306862,5.13E-08,6.38E-08,6.03E-08,1.52E-07
momma,0.000306862,5.13E-08,6.38E-08,6.03E-08,1.52E-07
okkaaaaayyyy.,0.000306862,5.13E-08,6.38E-08,6.03E-08,1.52E-07
criticize,0.000306862,5.13E-08,6.38E-08,6.03E-08,1.52E-07
day,0.000306862,0.002566635,6.38E-08,6.03E-08,1.52E-07
weighed,3.07E-08,0.000513368,6.38E-08,6.03E-08,1.52E-07
questions,0.000306862,5.13E-08,6.38E-08,0.000603519,1.52E-07
longest,0.000306862,5.13E-08,6.38E-08,6.03E-08,1.52E-07
can,0.001227358,0.002566635,0.014038602,6.03E-08,1.52E-07
talk,0.000920526,5.13E-08,6.38E-08,6.03E-08,1.52E-07
mates,0.00153419,5.13E-08,0.022972218,6.03E-08,1.52E-07
real,3.07E-08,5.13E-08,0.000638179,6.03E-08,1.52E-07
ok...,3.07E-08,5.13E-08,0.008295564,6.03E-08,1.52E-07
spongebob<3,0.000306862,5.13E-08,6.38E-08,6.03E-08,1.52E-07
a-the,0.000306862,5.13E-08,6.38E-08,6.03E-08,1.52E-07
water.,0.000306862,0.000513368,6.38E-08,0.007845021,1.52E-07
prefer,0.000306862,5.13E-08,6.38E-08,6.03E-08,1.52E-07
0.525,3.07E-08,0.001026685,6.38E-08,6.03E-08,1.52E-07
#1,3.07E-08,0.000513368,6.38E-08,6.03E-08,1.52E-07
the,0.048786285,0.08675059,0.032543948,0.042845616,0.150429857
worksheet.,0.000306862,5.13E-08,6.38E-08,0.017500358,1.52E-07
people,0.000306862,5.13E-08,6.38E-08,6.03E-08,1.52E-07
attracts,3.07E-08,0.000513368,6.38E-08,6.03E-08,1.52E-07
s034,0.000613694,0.000513368,0.00191441,6.03E-08,1.52E-07
yellow,0.001227358,0.001026685,6.38E-08,6.03E-08,1.52E-07
took,0.000613694,5.13E-08,6.38E-08,6.03E-08,1.52E-07
supposedtoask,3.07E-08,5.13E-08,6.38E-08,0.000603519,1.52E-07
that,0.00337518,0.011806338,0.016591064,6.03E-08,1.52E-07
0.62,3.07E-08,0.000513368,6.38E-08,6.03E-08,1.52E-07
dissolve,0.000613694,0.001026685,6.38E-08,6.03E-08,1.52E-07
empty,0.000306862,5.13E-08,6.38E-08,6.03E-08,1.52E-07
s039.,3.07E-08,5.13E-08,0.000638179,6.03E-08,1.52E-07
back,0.005523003,5.13E-08,6.38E-08,6.03E-08,1.52E-07
yuee,0.000306862,5.13E-08,6.38E-08,6.03E-08,1.52E-07
weird,0.000613694,5.13E-08,6.38E-08,6.03E-08,1.52E-07
{s027},0.000306862,5.13E-08,6.38E-08,6.03E-08,1.52E-07
haha,0.002147853,5.13E-08,6.38E-08,6.03E-08,1.52E-07
tht,0.00153419,5.13E-08,6.38E-08,6.03E-08,1.52E-07
travel,3.07E-08,0.002053319,6.38E-08,6.03E-08,1.52E-07
dnt,0.000306862,5.13E-08,6.38E-08,6.03E-08,1.52E-07
dont,0.003068349,5.13E-08,0.001276295,6.03E-08,1.52E-07
student.,3.07E-08,0.007186487,6.38E-08,6.03E-08,1.52E-07
membrane,0.000613694,5.13E-08,6.38E-08,6.03E-08,1.52E-07
putting,0.000613694,5.13E-08,6.38E-08,6.03E-08,1.52E-07
fact,0.000920526,5.13E-08,6.38E-08,6.03E-08,1.52E-07
working,0.000613694,5.13E-08,6.38E-08,6.03E-08,1.52E-07
mines,0.000306862,5.13E-08,6.38E-08,6.03E-08,1.52E-07
c-the,3.07E-08,0.000513368,6.38E-08,6.03E-08,1.52E-07
conditon,0.000306862,0.000513368,6.38E-08,0.000603519,1.52E-07
absord,0.000306862,5.13E-08,6.38E-08,6.03E-08,1.52E-07
wrote,0.000920526,5.13E-08,6.38E-08,6.03E-08,1.52E-07
stupid.,0.000306862,5.13E-08,6.38E-08,6.03E-08,1.52E-07
0.54,3.07E-08,0.001026685,6.38E-08,6.03E-08,1.52E-07
sumbody,0.000306862,5.13E-08,6.38E-08,6.03E-08,1.52E-07
knowledge,3.07E-08,0.000513368,6.38E-08,6.03E-08,1.52E-07
strategy,3.07E-08,0.007186487,6.38E-08,6.03E-08,1.52E-07
hour!!!!!!!!!!!!!!!!!!!!!!!!!,3.07E-08,5.13E-08,6.38E-08,0.000603519,1.52E-07
before,3.07E-08,0.001026685,6.38E-08,6.03E-08,1.52E-07
water...,0.000306862,5.13E-08,6.38E-08,6.03E-08,1.52E-07
viseo,0.000306862,5.13E-08,6.38E-08,6.03E-08,1.52E-07
going,0.003682012,0.001026685,6.38E-08,0.009051938,1.52E-07
outside,3.07E-08,0.002053319,6.38E-08,6.03E-08,1.52E-07
{s006},0.000306862,5.13E-08,6.38E-08,6.03E-08,1.52E-07
swear,3.07E-08,0.000513368,6.38E-08,6.03E-08,1.52E-07
finger,0.000306862,5.13E-08,6.38E-08,6.03E-08,1.52E-07
specific,3.07E-08,0.007699803,6.38E-08,6.03E-08,1.52E-07
guessed,0.000306862,5.13E-08,6.38E-08,6.03E-08,1.52E-07
hello!,0.000306862,5.13E-08,6.38E-08,6.03E-08,1.52E-07
thought,3.07E-08,0.000513368,6.38E-08,6.03E-08,1.52E-07
it's,0.000613694,0.001026685,6.38E-08,6.03E-08,1.52E-07
concur,0.000306862,0.000513368,6.38E-08,6.03E-08,1.52E-07
work,0.000613694,0.001026685,6.38E-08,6.03E-08,1.52E-07
happen..okay,0.000306862,5.13E-08,6.38E-08,6.03E-08,1.52E-07
i'd,3.07E-08,0.000513368,6.38E-08,6.03E-08,1.52E-07
{s003},0.000306862,5.13E-08,0.002552525,6.03E-08,1.52E-07
touch,0.000306862,5.13E-08,6.38E-08,6.03E-08,1.52E-07
yess,0.000613694,5.13E-08,6.38E-08,6.03E-08,1.52E-07
outside;,3.07E-08,5.13E-08,6.38E-08,6.03E-08,0.004558628
b,0.001841021,0.00821312,6.38E-08,0.027759153,1.52E-07
computer,3.07E-08,0.000513368,0.000638179,6.03E-08,1.52E-07
waight',3.07E-08,0.001026685,6.38E-08,6.03E-08,1.52E-07
typewriter,0.000306862,5.13E-08,6.38E-08,6.03E-08,1.52E-07
pretty,0.000306862,5.13E-08,6.38E-08,6.03E-08,1.52E-07
s057,0.000613694,5.13E-08,0.001276295,6.03E-08,1.52E-07
numbers,0.000306862,5.13E-08,6.38E-08,6.03E-08,1.52E-07
wanna,0.000306862,5.13E-08,6.38E-08,6.03E-08,1.52E-07
{s022},0.000306862,5.13E-08,6.38E-08,6.03E-08,1.52E-07
come,3.07E-08,0.001540002,6.38E-08,0.000603519,1.52E-07
more,0.000306862,0.003079952,0.008295564,6.03E-08,1.52E-07
easier,0.000306862,5.13E-08,6.38E-08,6.03E-08,1.52E-07
onn!!!,0.000306862,5.13E-08,6.38E-08,6.03E-08,1.52E-07
toast,0.000613694,5.13E-08,6.38E-08,6.03E-08,1.52E-07
saying,0.000920526,5.13E-08,0.002552525,6.03E-08,1.52E-07
failed,0.000306862,5.13E-08,6.38E-08,6.03E-08,1.52E-07
youu,0.000306862,5.13E-08,6.38E-08,6.03E-08,1.52E-07
observe,0.000306862,5.13E-08,6.38E-08,6.03E-08,1.52E-07
dint,3.07E-08,0.000513368,6.38E-08,6.03E-08,1.52E-07
from,0.01012548,0.001026685,0.014676718,6.03E-08,1.52E-07
will,0.008898153,0.047225197,6.38E-08,6.03E-08,1.52E-07
hand,0.000920526,5.13E-08,6.38E-08,6.03E-08,1.52E-07
soes,0.000306862,5.13E-08,6.38E-08,6.03E-08,1.52E-07
lollipop,0.000306862,5.13E-08,6.38E-08,6.03E-08,1.52E-07
student,3.07E-08,5.13E-08,0.008295564,6.03E-08,1.52E-07
{s049},0.000306862,5.13E-08,6.38E-08,6.03E-08,1.52E-07
number,0.000613694,5.13E-08,6.38E-08,6.03E-08,1.52E-07
s011,3.07E-08,5.13E-08,0.001276295,6.03E-08,1.52E-07
growing,0.000306862,5.13E-08,6.38E-08,6.03E-08,1.52E-07
:-,3.07E-08,0.007699803,6.38E-08,6.03E-08,1.52E-07
keys,0.000613694,5.13E-08,6.38E-08,6.03E-08,1.52E-07
lugol's,3.07E-08,5.13E-08,6.38E-08,6.03E-08,0.022792531
foot,3.07E-08,0.000513368,6.38E-08,6.03E-08,1.52E-07
box,0.002454685,0.001540002,6.38E-08,6.03E-08,1.52E-07
asking,0.00153419,5.13E-08,0.014676718,6.03E-08,1.52E-07
it!,3.07E-08,0.000513368,6.38E-08,6.03E-08,1.52E-07
s021.,3.07E-08,5.13E-08,0.000638179,6.03E-08,1.52E-07
causing,3.07E-08,0.001026685,6.38E-08,6.03E-08,1.52E-07
maybe,0.000306862,0.000513368,6.38E-08,6.03E-08,1.52E-07
inside;,3.07E-08,5.13E-08,6.38E-08,6.03E-08,0.004558628
grams,3.07E-08,0.000513368,6.38E-08,6.03E-08,1.52E-07
model,0.000306862,0.001540002,6.38E-08,0.007845021,1.52E-07
birthday,0.000306862,5.13E-08,6.38E-08,6.03E-08,0.001519644
they,0.00337518,0.001026685,0.005743102,6.03E-08,1.52E-07
arent!,0.000306862,5.13E-08,6.38E-08,6.03E-08,1.52E-07
thnx,0.000306862,5.13E-08,6.38E-08,6.03E-08,1.52E-07
one....,0.000306862,5.13E-08,6.38E-08,6.03E-08,1.52E-07
team,0.00153419,5.13E-08,0.022972218,6.03E-08,1.52E-07
huh,0.000306862,5.13E-08,6.38E-08,6.03E-08,1.52E-07
onn!,0.000306862,5.13E-08,6.38E-08,6.03E-08,1.52E-07
siting,3.07E-08,0.000513368,6.38E-08,6.03E-08,1.52E-07
guy,0.00153419,5.13E-08,6.38E-08,6.03E-08,1.52E-07
using,0.000613694,5.13E-08,6.38E-08,6.03E-08,1.52E-07
what're,3.07E-08,0.000513368,6.38E-08,6.03E-08,1.52E-07
guys.,0.000306862,5.13E-08,6.38E-08,6.03E-08,1.52E-07
i'm,0.00153419,5.13E-08,0.000638179,6.03E-08,1.52E-07
iin,3.07E-08,0.001026685,6.38E-08,6.03E-08,1.52E-07
though,0.000613694,5.13E-08,6.38E-08,6.03E-08,1.52E-07
glucose.,3.07E-08,0.000513368,6.38E-08,6.03E-08,1.52E-07
hrs,3.07E-08,0.000513368,6.38E-08,6.03E-08,1.52E-07
southside,0.000306862,5.13E-08,6.38E-08,6.03E-08,1.52E-07
room,0.000306862,5.13E-08,6.38E-08,6.03E-08,1.52E-07
gained,3.07E-08,0.002566635,6.38E-08,6.03E-08,1.52E-07
may,0.000613694,5.13E-08,6.38E-08,6.03E-08,1.52E-07
looked,3.07E-08,0.001026685,6.38E-08,6.03E-08,1.52E-07
saying.,0.00153419,5.13E-08,0.003828756,6.03E-08,1.52E-07
thing.,3.07E-08,0.000513368,6.38E-08,6.03E-08,1.52E-07
teh,0.000306862,5.13E-08,6.38E-08,6.03E-08,1.52E-07
haah!,0.000306862,5.13E-08,6.38E-08,6.03E-08,1.52E-07
so,0.013193798,0.003593269,0.022972218,6.03E-08,1.52E-07
once,3.07E-08,0.001026685,6.38E-08,6.03E-08,1.52E-07
bottomof,0.000306862,5.13E-08,6.38E-08,6.03E-08,1.52E-07
own,0.000306862,5.13E-08,0.009571795,0.000603519,1.52E-07
responsible,3.07E-08,0.007186487,6.38E-08,0.00844848,1.52E-07
s037.,3.07E-08,5.13E-08,0.000638179,6.03E-08,1.52E-07
other,0.001227358,5.13E-08,0.008295564,6.03E-08,0.001519644
asdfjkl;,0.000613694,5.13E-08,6.38E-08,6.03E-08,1.52E-07
tought,0.000306862,5.13E-08,6.38E-08,6.03E-08,1.52E-07
jeeze!,0.000306862,5.13E-08,6.38E-08,6.03E-08,1.52E-07
eno,0.000306862,5.13E-08,6.38E-08,6.03E-08,1.52E-07
says,0.001227358,5.13E-08,6.38E-08,6.03E-08,1.52E-07
placed,3.07E-08,0.000513368,6.38E-08,0.00844848,1.52E-07
asked,0.000306862,5.13E-08,6.38E-08,6.03E-08,1.52E-07
take,0.000613694,0.000513368,6.38E-08,6.03E-08,1.52E-07
brain,0.000306862,5.13E-08,6.38E-08,6.03E-08,1.52E-07
s058,0.00153419,0.000513368,0.001276295,0.000603519,1.52E-07
introducing,3.07E-08,5.13E-08,6.38E-08,0.00844848,1.52E-07
group,0.00153419,5.13E-08,6.38E-08,6.03E-08,1.52E-07
4,0.000306862,5.13E-08,6.38E-08,6.03E-08,1.52E-07
guys,0.003988844,5.13E-08,6.38E-08,0.001206977,1.52E-07
{s028},0.000306862,5.13E-08,6.38E-08,6.03E-08,1.52E-07
ho's,0.000306862,5.13E-08,6.38E-08,6.03E-08,1.52E-07
salt.,0.000306862,5.13E-08,6.38E-08,6.03E-08,1.52E-07
bye,0.002147853,0.000513368,6.38E-08,6.03E-08,1.52E-07
tutor,0.000920526,5.13E-08,6.38E-08,6.03E-08,1.52E-07
{s053},0.000613694,5.13E-08,6.38E-08,6.03E-08,1.52E-07
its,0.002761517,0.001540002,6.38E-08,0.00844848,1.52E-07
clear,3.07E-08,0.000513368,6.38E-08,6.03E-08,1.52E-07
well.,0.000306862,5.13E-08,6.38E-08,6.03E-08,1.52E-07
even,0.000920526,0.000513368,6.38E-08,6.03E-08,1.52E-07
gona,0.000306862,5.13E-08,6.38E-08,6.03E-08,1.52E-07
ooh.,0.000306862,5.13E-08,6.38E-08,6.03E-08,1.52E-07
dis,0.000613694,5.13E-08,6.38E-08,6.03E-08,1.52E-07
thing,0.00153419,0.001026685,6.38E-08,6.03E-08,1.52E-07
hear,0.000306862,5.13E-08,6.38E-08,6.03E-08,1.52E-07
{s057},0.001227358,5.13E-08,6.38E-08,6.03E-08,1.52E-07
{s060}!!!:,3.07E-08,0.000513368,6.38E-08,6.03E-08,1.52E-07
next,0.000920526,5.13E-08,6.38E-08,6.03E-08,1.52E-07
colors,3.07E-08,0.001026685,6.38E-08,6.03E-08,1.52E-07
{s012},0.000920526,5.13E-08,6.38E-08,6.03E-08,1.52E-07
condition,0.015648452,0.003079952,6.38E-08,0.019310733,0.050143387
wats,0.001227358,5.13E-08,6.38E-08,6.03E-08,1.52E-07
then.....,0.000306862,5.13E-08,6.38E-08,6.03E-08,1.52E-07
benefit,0.00153419,5.13E-08,0.014676718,6.03E-08,1.52E-07
wight,3.07E-08,0.001026685,6.38E-08,6.03E-08,1.52E-07
siad,0.000306862,5.13E-08,6.38E-08,6.03E-08,1.52E-07
oppistie,3.07E-08,0.000513368,6.38E-08,6.03E-08,1.52E-07
make,3.07E-08,5.13E-08,6.38E-08,0.010862314,1.52E-07
why,0.002147853,0.001026685,0.001276295,6.03E-08,1.52E-07
reasons,3.07E-08,5.13E-08,0.001276295,6.03E-08,1.52E-07
today,3.07E-08,0.007186487,6.38E-08,6.03E-08,1.52E-07
635,3.07E-08,5.13E-08,6.38E-08,6.03E-08,0.001519644
{s001},3.07E-08,0.000513368,0.000638179,6.03E-08,1.52E-07
explantation,0.000306862,5.13E-08,6.38E-08,6.03E-08,1.52E-07
bjus,0.000306862,5.13E-08,6.38E-08,6.03E-08,1.52E-07
told,0.000306862,5.13E-08,6.38E-08,6.03E-08,1.52E-07
s030,0.000613694,5.13E-08,6.38E-08,6.03E-08,1.52E-07
{s020},0.000613694,5.13E-08,6.38E-08,6.03E-08,1.52E-07
s027,3.07E-08,5.13E-08,0.001276295,6.03E-08,1.52E-07
yeah.,3.07E-08,0.000513368,6.38E-08,6.03E-08,1.52E-07
does,0.00153419,5.13E-08,6.38E-08,6.03E-08,1.52E-07
loose,3.07E-08,0.000513368,6.38E-08,6.03E-08,1.52E-07
s046,3.07E-08,0.000513368,0.000638179,6.03E-08,1.52E-07
exact,3.07E-08,0.000513368,6.38E-08,6.03E-08,1.52E-07
know,0.004602508,0.000513368,6.38E-08,6.03E-08,1.52E-07
absorbs,3.07E-08,0.001540002,6.38E-08,6.03E-08,1.52E-07
change,0.000306862,0.003079952,6.38E-08,6.03E-08,1.52E-07
gluecose,3.07E-08,0.002566635,6.38E-08,6.03E-08,1.52E-07
wont,3.07E-08,0.000513368,6.38E-08,6.03E-08,1.52E-07
ahuld,0.000306862,5.13E-08,6.38E-08,6.03E-08,1.52E-07
alex.,3.07E-08,5.13E-08,6.38E-08,0.00844848,1.52E-07
class,0.000306862,5.13E-08,6.38E-08,6.03E-08,1.52E-07
idc.,0.000306862,5.13E-08,6.38E-08,6.03E-08,1.52E-07
love,0.00153419,5.13E-08,6.38E-08,6.03E-08,1.52E-07
kno,0.000306862,5.13E-08,6.38E-08,6.03E-08,1.52E-07
everybody,3.07E-08,0.000513368,6.38E-08,6.03E-08,1.52E-07
solution.,3.07E-08,5.13E-08,6.38E-08,6.03E-08,0.022792531
could.,0.000306862,5.13E-08,6.38E-08,6.03E-08,1.52E-07
anythign,0.000306862,5.13E-08,6.38E-08,6.03E-08,1.52E-07
maybeee,0.000306862,5.13E-08,6.38E-08,6.03E-08,1.52E-07
have,0.005523003,0.001026685,6.38E-08,0.010258855,1.52E-07
{s005},3.07E-08,5.13E-08,0.000638179,6.03E-08,1.52E-07
taken,0.000306862,5.13E-08,6.38E-08,6.03E-08,1.52E-07
s039,3.07E-08,5.13E-08,0.001276295,6.03E-08,1.52E-07
sabers,0.000306862,5.13E-08,6.38E-08,6.03E-08,1.52E-07
how,0.005523003,0.001026685,6.38E-08,6.03E-08,1.52E-07
behind,3.07E-08,5.13E-08,0.001276295,6.03E-08,1.52E-07
exactly,0.000613694,5.13E-08,6.38E-08,6.03E-08,1.52E-07
heaard,0.000306862,5.13E-08,6.38E-08,6.03E-08,1.52E-07
makesome,0.000306862,5.13E-08,6.38E-08,6.03E-08,1.52E-07
u,0.00675033,0.001026685,6.38E-08,6.03E-08,1.52E-07
supposed,0.000306862,5.13E-08,6.38E-08,6.03E-08,0.001519644
525,3.07E-08,5.13E-08,6.38E-08,6.03E-08,0.003039136
did,0.003068349,0.000513368,6.38E-08,0.011465772,1.52E-07
stupid,0.001227358,5.13E-08,6.38E-08,6.03E-08,1.52E-07
ok..what,3.07E-08,5.13E-08,6.38E-08,0.000603519,1.52E-07
mj!,0.000306862,5.13E-08,6.38E-08,6.03E-08,1.52E-07
know.,3.07E-08,0.000513368,6.38E-08,6.03E-08,1.52E-07
lil,0.000306862,5.13E-08,6.38E-08,6.03E-08,1.52E-07
weigh,0.000306862,5.13E-08,6.38E-08,6.03E-08,1.52E-07
into,0.001227358,0.004619903,6.38E-08,6.03E-08,1.52E-07
strips,0.000306862,0.002053319,6.38E-08,6.03E-08,1.52E-07
happy,3.07E-08,5.13E-08,6.38E-08,6.03E-08,0.004558628
expand,0.000613694,0.001540002,6.38E-08,6.03E-08,1.52E-07
much,3.07E-08,0.001026685,6.38E-08,6.03E-08,1.52E-07
{s059}...and,3.07E-08,0.000513368,6.38E-08,6.03E-08,1.52E-07
obesrvation,0.000306862,5.13E-08,6.38E-08,6.03E-08,1.52E-07
everywere,3.07E-08,0.000513368,6.38E-08,6.03E-08,1.52E-07
videeooo,0.000306862,5.13E-08,6.38E-08,6.03E-08,1.52E-07
gloucuse,3.07E-08,0.000513368,6.38E-08,6.03E-08,1.52E-07
expands,3.07E-08,0.000513368,6.38E-08,6.03E-08,1.52E-07
doig,0.000306862,5.13E-08,6.38E-08,6.03E-08,1.52E-07
molecules,3.07E-08,0.002053319,6.38E-08,6.03E-08,1.52E-07
denser,3.07E-08,5.13E-08,6.38E-08,6.03E-08,0.001519644
osmosis,0.000613694,0.001540002,6.38E-08,6.03E-08,1.52E-07
green,0.000306862,0.001026685,6.38E-08,6.03E-08,1.52E-07
well,0.003068349,0.000513368,6.38E-08,6.03E-08,1.52E-07
hoe,3.07E-08,5.13E-08,6.38E-08,6.03E-08,0.001519644
external,3.07E-08,0.000513368,6.38E-08,6.03E-08,1.52E-07
world,0.000613694,5.13E-08,6.38E-08,6.03E-08,1.52E-07
ddnt,0.000306862,5.13E-08,6.38E-08,6.03E-08,1.52E-07
hour,3.07E-08,0.003593269,6.38E-08,6.03E-08,1.52E-07
ritght,3.07E-08,0.000513368,6.38E-08,6.03E-08,1.52E-07
cheatin,0.000306862,5.13E-08,6.38E-08,6.03E-08,1.52E-07
guess,0.000613694,5.13E-08,6.38E-08,6.03E-08,1.52E-07
sense,0.000613694,5.13E-08,6.38E-08,6.03E-08,1.52E-07
cant,0.000613694,0.002053319,6.38E-08,6.03E-08,1.52E-07
s033,3.07E-08,0.000513368,0.001276295,6.03E-08,1.52E-07
inside,0.000920526,0.004106586,6.38E-08,0.007845021,1.52E-07
could,0.000613694,5.13E-08,6.38E-08,6.03E-08,1.52E-07
hahhahah,0.000306862,5.13E-08,6.38E-08,6.03E-08,1.52E-07
whats,0.001227358,5.13E-08,6.38E-08,6.03E-08,1.52E-07
yeah..weight,3.07E-08,0.000513368,6.38E-08,6.03E-08,1.52E-07
time,0.002761517,5.13E-08,0.000638179,6.03E-08,1.52E-07
help,0.001841021,5.13E-08,6.38E-08,6.03E-08,0.003039136
grey,0.000613694,5.13E-08,6.38E-08,6.03E-08,1.52E-07
dissolves,3.07E-08,0.000513368,6.38E-08,6.03E-08,1.52E-07
video!,3.07E-08,5.13E-08,6.38E-08,6.03E-08,0.001519644
according,3.07E-08,0.000513368,6.38E-08,6.03E-08,1.52E-07
like,0.002454685,0.002053319,6.38E-08,6.03E-08,1.52E-07
i'll,0.000306862,5.13E-08,6.38E-08,6.03E-08,1.52E-07
playing,0.000306862,5.13E-08,6.38E-08,6.03E-08,1.52E-07
container,3.07E-08,0.000513368,6.38E-08,6.03E-08,1.52E-07
combined,0.000613694,5.13E-08,6.38E-08,6.03E-08,1.52E-07
consuing,0.000306862,5.13E-08,6.38E-08,6.03E-08,1.52E-07
alll,0.000306862,5.13E-08,6.38E-08,6.03E-08,1.52E-07
dude,0.000306862,5.13E-08,6.38E-08,6.03E-08,1.52E-07
aww,0.000306862,5.13E-08,6.38E-08,6.03E-08,1.52E-07
twalkinq,0.000306862,5.13E-08,6.38E-08,6.03E-08,1.52E-07
hahahahha,0.000306862,5.13E-08,6.38E-08,6.03E-08,1.52E-07
s042,0.000306862,5.13E-08,0.000638179,6.03E-08,1.52E-07
anyway,0.000306862,5.13E-08,6.38E-08,6.03E-08,1.52E-07
41,0.000306862,5.13E-08,6.38E-08,6.03E-08,1.52E-07
fill,3.07E-08,5.13E-08,6.38E-08,0.002413894,1.52E-07
saw,0.000306862,0.000513368,6.38E-08,6.03E-08,1.52E-07
lets,0.00153419,5.13E-08,6.38E-08,0.00844848,0.001519644
cnt,0.000306862,5.13E-08,6.38E-08,6.03E-08,1.52E-07
quiz!!!!!!!!!!!!!,3.07E-08,0.000513368,6.38E-08,6.03E-08,1.52E-07
lighter,0.000306862,0.000513368,6.38E-08,6.03E-08,1.52E-07
darker,0.000306862,5.13E-08,6.38E-08,6.03E-08,1.52E-07
done,0.000306862,5.13E-08,6.38E-08,6.03E-08,1.52E-07
s012...,3.07E-08,0.000513368,6.38E-08,6.03E-08,1.52E-07
c,0.007670825,0.005646536,6.38E-08,0.009655397,0.022792531
yeah,0.00153419,0.000513368,6.38E-08,6.03E-08,1.52E-07
water,0.003068349,0.028232475,6.38E-08,6.03E-08,0.024312023
idea,0.001227358,5.13E-08,0.008295564,6.03E-08,1.52E-07
every1,0.000306862,5.13E-08,6.38E-08,6.03E-08,1.52E-07
information,0.000306862,5.13E-08,6.38E-08,6.03E-08,1.52E-07
off,0.000306862,5.13E-08,6.38E-08,6.03E-08,1.52E-07
yea,0.000920526,0.001026685,6.38E-08,6.03E-08,1.52E-07
there,0.00153419,0.002566635,6.38E-08,6.03E-08,0.001519644
iyt,0.000306862,5.13E-08,6.38E-08,6.03E-08,1.52E-07
words.,0.000306862,5.13E-08,0.008295564,6.03E-08,1.52E-07
yene,0.000306862,5.13E-08,6.38E-08,6.03E-08,1.52E-07
black,3.07E-08,0.000513368,6.38E-08,6.03E-08,1.52E-07
nght,0.000306862,5.13E-08,6.38E-08,6.03E-08,1.52E-07
decrease,3.07E-08,0.000513368,6.38E-08,6.03E-08,1.52E-07
twice,3.07E-08,0.000513368,6.38E-08,6.03E-08,1.52E-07
folder,3.07E-08,5.13E-08,6.38E-08,6.03E-08,0.024312023
osmois,0.000306862,5.13E-08,6.38E-08,6.03E-08,1.52E-07
level,3.07E-08,0.001026685,6.38E-08,6.03E-08,1.52E-07
check,3.07E-08,5.13E-08,0.000638179,6.03E-08,1.52E-07
wooo,0.000306862,5.13E-08,6.38E-08,6.03E-08,1.52E-07
bluecost,3.07E-08,0.000513368,6.38E-08,6.03E-08,1.52E-07
do.,0.000306862,5.13E-08,6.38E-08,6.03E-08,1.52E-07
iis,0.000613694,5.13E-08,6.38E-08,6.03E-08,1.52E-07
itll,0.000306862,5.13E-08,6.38E-08,6.03E-08,1.52E-07
smaller,0.000306862,0.000513368,6.38E-08,6.03E-08,1.52E-07
able,3.07E-08,0.001026685,6.38E-08,6.03E-08,1.52E-07
wait,0.00153419,0.001026685,0.000638179,6.03E-08,1.52E-07
okayy,0.000306862,5.13E-08,6.38E-08,6.03E-08,1.52E-07
lost!!!,0.000306862,5.13E-08,6.38E-08,6.03E-08,1.52E-07
should,0.013807461,5.13E-08,6.38E-08,6.03E-08,1.52E-07
cut,0.000306862,5.13E-08,6.38E-08,6.03E-08,1.52E-07
me,0.004602508,5.13E-08,6.38E-08,6.03E-08,0.001519644
parts..,0.000306862,5.13E-08,6.38E-08,6.03E-08,1.52E-07
ienvoronment,0.000306862,5.13E-08,6.38E-08,6.03E-08,1.52E-07
grow,3.07E-08,0.000513368,6.38E-08,6.03E-08,1.52E-07
kinda,3.07E-08,0.000513368,6.38E-08,6.03E-08,1.52E-07
watch,0.004909339,5.13E-08,6.38E-08,0.018707275,0.024312023
three,0.001227358,5.13E-08,6.38E-08,6.03E-08,1.52E-07
0s64,0.000306862,5.13E-08,6.38E-08,6.03E-08,1.52E-07
else,0.000613694,5.13E-08,6.38E-08,6.03E-08,1.52E-07
also.,3.07E-08,5.13E-08,6.38E-08,6.03E-08,0.001519644
too,0.000920526,5.13E-08,6.38E-08,6.03E-08,1.52E-07
whois,3.07E-08,5.13E-08,0.000638179,6.03E-08,1.52E-07
who's,0.000306862,5.13E-08,6.38E-08,6.03E-08,1.52E-07
get,0.004295676,0.00821312,0.008295564,0.009051938,1.52E-07
c./,0.000306862,5.13E-08,6.38E-08,6.03E-08,1.52E-07
hahahh,3.07E-08,0.000513368,6.38E-08,6.03E-08,1.52E-07
doggy,0.000306862,5.13E-08,6.38E-08,6.03E-08,1.52E-07
s029,3.07E-08,0.000513368,0.000638179,6.03E-08,1.52E-07
sir,3.07E-08,0.000513368,6.38E-08,6.03E-08,1.52E-07
630,3.07E-08,5.13E-08,6.38E-08,6.03E-08,0.001519644
row,0.000613694,5.13E-08,6.38E-08,6.03E-08,1.52E-07
iit,3.07E-08,0.000513368,6.38E-08,6.03E-08,1.52E-07
just,0.002454685,0.001026685,6.38E-08,6.03E-08,1.52E-07
alex,0.001841021,5.13E-08,0.000638179,6.03E-08,0.001519644
movie,0.000920526,5.13E-08,6.38E-08,6.03E-08,1.52E-07
put,0.002454685,0.005133219,0.001276295,0.001206977,1.52E-07
replace,3.07E-08,5.13E-08,6.38E-08,6.03E-08,0.045584911
do,0.012273302,0.004106586,0.02680091,6.03E-08,1.52E-07
yes.jk,0.000306862,5.13E-08,6.38E-08,6.03E-08,1.52E-07
topic,3.07E-08,0.000513368,6.38E-08,6.03E-08,1.52E-07
why.,0.00153419,0.000513368,0.005743102,6.03E-08,1.52E-07
see,0.003068349,0.001026685,0.014676718,6.03E-08,1.52E-07
myself,3.07E-08,0.000513368,6.38E-08,6.03E-08,1.52E-07
assigned.,3.07E-08,5.13E-08,6.38E-08,0.001810436,1.52E-07
detect,3.07E-08,5.13E-08,6.38E-08,6.03E-08,0.022792531
awe,0.000306862,5.13E-08,6.38E-08,6.03E-08,1.52E-07
extract,3.07E-08,0.000513368,6.38E-08,6.03E-08,1.52E-07
solvent,0.000306862,0.000513368,6.38E-08,6.03E-08,1.52E-07
prediction,0.00153419,0.003079952,6.38E-08,0.000603519,1.52E-07
birthday!!!!!!!!!!!!!!!!!!!!!!!!!!!!!111,3.07E-08,5.13E-08,6.38E-08,6.03E-08,0.001519644
b-i,3.07E-08,0.000513368,6.38E-08,6.03E-08,1.52E-07
down,0.000613694,0.001540002,6.38E-08,0.017500358,1.52E-07
opportunities,3.07E-08,0.007186487,6.38E-08,6.03E-08,1.52E-07
prediction..,0.000306862,5.13E-08,6.38E-08,6.03E-08,1.52E-07
first,0.001841021,0.001540002,6.38E-08,6.03E-08,1.52E-07
there's,0.000306862,0.000513368,6.38E-08,6.03E-08,1.52E-07
ago,0.000306862,5.13E-08,6.38E-08,6.03E-08,1.52E-07
psp,0.000306862,5.13E-08,6.38E-08,6.03E-08,1.52E-07
gain,0.000306862,0.001540002,6.38E-08,6.03E-08,1.52E-07
nacho,0.000306862,5.13E-08,6.38E-08,6.03E-08,1.52E-07
example,0.00153419,5.13E-08,0.022972218,6.03E-08,1.52E-07
not,0.00153419,0.000513368,6.38E-08,6.03E-08,0.001519644
barely,3.07E-08,0.000513368,6.38E-08,6.03E-08,1.52E-07
hat,0.000306862,5.13E-08,6.38E-08,6.03E-08,1.52E-07
ater,0.000306862,5.13E-08,6.38E-08,6.03E-08,1.52E-07
for,0.013807461,0.046198563,0.022972218,0.015086524,1.52E-07
a....it,3.07E-08,0.000513368,6.38E-08,6.03E-08,1.52E-07
let,0.000613694,0.000513368,6.38E-08,6.03E-08,1.52E-07
{s039},0.002147853,5.13E-08,6.38E-08,6.03E-08,1.52E-07
happpen,0.000306862,5.13E-08,6.38E-08,6.03E-08,1.52E-07
needs,3.07E-08,5.13E-08,6.38E-08,6.03E-08,0.001519644
doin,0.000613694,5.13E-08,6.38E-08,6.03E-08,1.52E-07
predictions.,0.004295676,5.13E-08,6.38E-08,0.00844848,1.52E-07
change.,0.004602508,5.13E-08,6.38E-08,6.03E-08,1.52E-07
shoot,3.07E-08,0.000513368,6.38E-08,6.03E-08,1.52E-07
mom...,0.000306862,5.13E-08,6.38E-08,6.03E-08,1.52E-07
find,0.000306862,0.001026685,6.38E-08,6.03E-08,1.52E-07
yes,0.001841021,5.13E-08,6.38E-08,6.03E-08,1.52E-07
predicted,3.07E-08,0.002566635,6.38E-08,6.03E-08,1.52E-07
attempt,3.07E-08,0.000513368,6.38E-08,6.03E-08,1.52E-07
0.655,3.07E-08,0.002053319,6.38E-08,6.03E-08,1.52E-07
watched,0.000613694,0.000513368,6.38E-08,6.03E-08,1.52E-07
gone,0.000306862,5.13E-08,6.38E-08,6.03E-08,1.52E-07
person,0.000613694,5.13E-08,0.008933679,6.03E-08,1.52E-07
s063,0.000306862,0.000513368,6.38E-08,6.03E-08,1.52E-07
cough,0.000613694,5.13E-08,6.38E-08,6.03E-08,1.52E-07
think'ds,0.000306862,5.13E-08,6.38E-08,6.03E-08,1.52E-07
subject,0.000306862,5.13E-08,6.38E-08,6.03E-08,1.52E-07
what,0.038967668,0.014372922,0.031267718,0.030776445,0.003039136
meet,3.07E-08,0.000513368,6.38E-08,0.00844848,1.52E-07
6.55,0.000306862,5.13E-08,6.38E-08,6.03E-08,1.52E-07
groupp,3.07E-08,5.13E-08,6.38E-08,6.03E-08,0.001519644
said,0.004602508,0.002053319,0.015314833,6.03E-08,1.52E-07
happen,0.005523003,0.009239754,6.38E-08,6.03E-08,1.52E-07
are,0.010739143,5.13E-08,0.014676718,0.027155694,0.001519644
out.,0.000613694,5.13E-08,6.38E-08,6.03E-08,1.52E-07
same,0.001227358,0.003079952,6.38E-08,6.03E-08,1.52E-07
annnnddd,0.000306862,5.13E-08,6.38E-08,6.03E-08,1.52E-07
{s035},0.000306862,5.13E-08,6.38E-08,6.03E-08,1.52E-07
while,0.000306862,5.13E-08,6.38E-08,6.03E-08,1.52E-07
heavier,0.000613694,0.001026685,6.38E-08,6.03E-08,1.52E-07
videos,3.07E-08,5.13E-08,6.38E-08,6.03E-08,0.024312023
{s035}'s,3.07E-08,0.000513368,6.38E-08,6.03E-08,1.52E-07
s064.,3.07E-08,5.13E-08,0.001276295,6.03E-08,1.52E-07
everything,0.000306862,5.13E-08,6.38E-08,6.03E-08,1.52E-07
won't,0.003988844,5.13E-08,6.38E-08,6.03E-08,1.52E-07
modification,3.07E-08,5.13E-08,6.38E-08,6.03E-08,0.022792531
understood,3.07E-08,5.13E-08,6.38E-08,0.00844848,1.52E-07
given,0.000306862,5.13E-08,0.008295564,6.03E-08,1.52E-07
observation,0.000613694,5.13E-08,6.38E-08,6.03E-08,1.52E-07
lol!,0.000306862,5.13E-08,6.38E-08,6.03E-08,1.52E-07
s012.,3.07E-08,5.13E-08,0.000638179,6.03E-08,1.52E-07
cereal,0.000920526,5.13E-08,6.38E-08,6.03E-08,1.52E-07
remembering,3.07E-08,5.13E-08,6.38E-08,0.001810436,1.52E-07
{s031},0.000613694,5.13E-08,6.38E-08,6.03E-08,1.52E-07
either!!!!!!,0.000306862,5.13E-08,6.38E-08,6.03E-08,1.52E-07
:',0.000306862,5.13E-08,6.38E-08,6.03E-08,1.52E-07
buddy,0.000613694,5.13E-08,6.38E-08,6.03E-08,1.52E-07
wieght,0.000306862,5.13E-08,6.38E-08,6.03E-08,1.52E-07
c!!!!!!!!!!!!!!!!!!!!!!!!!!!!!!!!!!!!!!!!!!!!!!!!!!!!!!!!!!!!!!!!!!!!!!!!!!!!!!!!!!!!!!!!!!!!!!!!!!!!!!!!!!!!!!!!!!!!!!!!!!!!,0.000306862,5.13E-08,6.38E-08,6.03E-08,1.52E-07
help..,0.000306862,5.13E-08,6.38E-08,6.03E-08,1.52E-07
seriously,0.000306862,5.13E-08,6.38E-08,6.03E-08,1.52E-07
say,0.001227358,0.002053319,6.38E-08,0.000603519,1.52E-07
really,0.000613694,5.13E-08,6.38E-08,6.03E-08,1.52E-07
#3,3.07E-08,0.001540002,6.38E-08,6.03E-08,1.52E-07
typein,0.000306862,5.13E-08,6.38E-08,6.03E-08,1.52E-07
since,0.000306862,0.001540002,6.38E-08,6.03E-08,1.52E-07
typinh,0.000306862,5.13E-08,6.38E-08,6.03E-08,1.52E-07
idek,0.000306862,5.13E-08,6.38E-08,6.03E-08,1.52E-07
after,3.07E-08,0.005133219,6.38E-08,6.03E-08,1.52E-07
same.,3.07E-08,0.000513368,6.38E-08,6.03E-08,1.52E-07
whos,0.00153419,5.13E-08,6.38E-08,6.03E-08,1.52E-07
common,0.000306862,5.13E-08,6.38E-08,6.03E-08,1.52E-07
wasnt,3.07E-08,0.000513368,6.38E-08,6.03E-08,1.52E-07
sugar,0.000920526,0.001026685,6.38E-08,6.03E-08,1.52E-07
being,0.002454685,5.13E-08,0.012762372,6.03E-08,0.001519644
disapear,3.07E-08,0.000513368,6.38E-08,6.03E-08,1.52E-07
explanatiion,0.000306862,5.13E-08,6.38E-08,6.03E-08,1.52E-07
mite,0.000306862,5.13E-08,6.38E-08,6.03E-08,1.52E-07
stfu,0.000306862,5.13E-08,6.38E-08,6.03E-08,1.52E-07
beaker,3.07E-08,0.001026685,6.38E-08,6.03E-08,1.52E-07
turns,3.07E-08,0.000513368,6.38E-08,6.03E-08,1.52E-07
wow..lol,3.07E-08,0.000513368,6.38E-08,6.03E-08,1.52E-07
immerse,0.000306862,5.13E-08,6.38E-08,0.007845021,1.52E-07
shrink,0.000920526,0.001026685,6.38E-08,6.03E-08,1.52E-07
clue,0.000920526,5.13E-08,6.38E-08,6.03E-08,1.52E-07
hahahah,3.07E-08,0.000513368,6.38E-08,6.03E-08,1.52E-07
about,0.008898153,5.13E-08,6.38E-08,0.009051938,1.52E-07
mean,0.002454685,5.13E-08,6.38E-08,6.03E-08,1.52E-07
ok.,0.000306862,5.13E-08,6.38E-08,6.03E-08,1.52E-07
s038.,3.07E-08,5.13E-08,0.000638179,6.03E-08,1.52E-07
yinz,0.000306862,5.13E-08,6.38E-08,6.03E-08,1.52E-07
s064,0.000920526,5.13E-08,0.000638179,6.03E-08,1.52E-07
obsorbed,3.07E-08,0.002566635,6.38E-08,6.03E-08,1.52E-07
mind,3.07E-08,0.000513368,6.38E-08,6.03E-08,1.52E-07
#11,0.000306862,5.13E-08,6.38E-08,6.03E-08,1.52E-07
there.,3.07E-08,5.13E-08,6.38E-08,6.03E-08,0.022792531
were,3.07E-08,0.002053319,6.38E-08,6.03E-08,1.52E-07
certain,0.000306862,5.13E-08,6.38E-08,6.03E-08,1.52E-07
blacken,3.07E-08,0.000513368,6.38E-08,6.03E-08,1.52E-07
s059,3.07E-08,0.000513368,0.000638179,6.03E-08,1.52E-07
randomly,0.000306862,5.13E-08,6.38E-08,6.03E-08,1.52E-07
alrite,0.000306862,5.13E-08,6.38E-08,6.03E-08,1.52E-07
them,0.001841021,0.001026685,0.014676718,6.03E-08,1.52E-07
right,0.002761517,0.001540002,0.006381218,6.03E-08,0.001519644
push,0.000306862,5.13E-08,6.38E-08,6.03E-08,1.52E-07
hey,0.00153419,5.13E-08,6.38E-08,6.03E-08,1.52E-07
out,0.001841021,0.006159853,6.38E-08,6.03E-08,0.001519644
didn't,0.001841021,0.003593269,6.38E-08,6.03E-08,1.52E-07
boyfriend!,0.000306862,5.13E-08,6.38E-08,0.000603519,1.52E-07
cool,0.000306862,5.13E-08,6.38E-08,6.03E-08,1.52E-07
s022,0.000306862,0.000513368,0.001276295,6.03E-08,1.52E-07
build,0.002147853,5.13E-08,0.003828756,6.03E-08,1.52E-07
{s056},0.000306862,5.13E-08,6.38E-08,6.03E-08,1.52E-07
killin,0.000306862,5.13E-08,6.38E-08,6.03E-08,1.52E-07
thiss.,0.000306862,5.13E-08,6.38E-08,6.03E-08,1.52E-07
nothing,0.000613694,5.13E-08,6.38E-08,6.03E-08,1.52E-07
boxes,0.000920526,5.13E-08,6.38E-08,6.03E-08,1.52E-07
forget.,0.003988844,5.13E-08,6.38E-08,6.03E-08,1.52E-07
slow,0.000306862,5.13E-08,6.38E-08,6.03E-08,1.52E-07
tyhay,3.07E-08,0.000513368,6.38E-08,6.03E-08,1.52E-07
discussion,3.07E-08,0.007186487,6.38E-08,6.03E-08,1.52E-07
form]},0.000613694,5.13E-08,6.38E-08,6.03E-08,1.52E-07
those,0.000306862,5.13E-08,6.38E-08,6.03E-08,1.52E-07
cannot,0.000306862,5.13E-08,6.38E-08,6.03E-08,1.52E-07
added,3.07E-08,0.000513368,6.38E-08,6.03E-08,1.52E-07
{s036[sic]},0.000306862,5.13E-08,6.38E-08,6.03E-08,1.52E-07
need,0.003068349,0.001026685,6.38E-08,6.03E-08,1.52E-07
start,0.000613694,5.13E-08,6.38E-08,6.03E-08,1.52E-07
someone,0.000306862,0.000513368,6.38E-08,6.03E-08,1.52E-07
mmee,0.000306862,5.13E-08,6.38E-08,6.03E-08,1.52E-07
over,0.000613694,5.13E-08,6.38E-08,0.001810436,1.52E-07
only,0.000613694,0.001026685,6.38E-08,6.03E-08,1.52E-07
answer,3.07E-08,0.000513368,6.38E-08,6.03E-08,1.52E-07
used,3.07E-08,0.007186487,6.38E-08,6.03E-08,1.52E-07
s033.,3.07E-08,5.13E-08,0.000638179,6.03E-08,1.52E-07
egg,0.000613694,0.001026685,6.38E-08,6.03E-08,1.52E-07
revoicing,0.000306862,5.13E-08,0.008295564,6.03E-08,1.52E-07
youu!!<3,0.000306862,5.13E-08,6.38E-08,6.03E-08,1.52E-07
retarded,0.000306862,5.13E-08,6.38E-08,6.03E-08,1.52E-07
s031,3.07E-08,0.000513368,0.000638179,6.03E-08,1.52E-07
sittin,0.000306862,5.13E-08,6.38E-08,6.03E-08,1.52E-07
already,0.000306862,5.13E-08,0.008295564,6.03E-08,1.52E-07
rude,0.000306862,5.13E-08,6.38E-08,6.03E-08,1.52E-07
fun,0.000920526,5.13E-08,6.38E-08,6.03E-08,1.52E-07
still,0.00153419,0.000513368,6.38E-08,6.03E-08,1.52E-07
been,3.07E-08,5.13E-08,6.38E-08,0.001810436,1.52E-07
harvest,0.000306862,5.13E-08,6.38E-08,6.03E-08,1.52E-07
but.,0.000306862,5.13E-08,6.38E-08,6.03E-08,1.52E-07
wacth,3.07E-08,5.13E-08,6.38E-08,0.000603519,1.52E-07
observations,0.002761517,5.13E-08,6.38E-08,0.010258855,1.52E-07
video,0.011966471,0.002566635,6.38E-08,0.027759153,0.024312023
mixing,0.000306862,5.13E-08,6.38E-08,6.03E-08,1.52E-07
internal,0.000306862,5.13E-08,6.38E-08,6.03E-08,1.52E-07
s007,0.000306862,5.13E-08,0.002552525,6.03E-08,1.52E-07
@s027,3.07E-08,5.13E-08,0.001276295,6.03E-08,1.52E-07
wht,0.000613694,5.13E-08,6.38E-08,6.03E-08,1.52E-07
s035,3.07E-08,0.000513368,0.000638179,6.03E-08,1.52E-07
9-Jul,3.07E-08,5.13E-08,6.38E-08,0.001810436,1.52E-07
think,0.005523003,0.014372922,6.38E-08,6.03E-08,1.52E-07
has,0.000306862,0.001026685,0.008295564,6.03E-08,1.52E-07
conversation.,3.07E-08,0.007186487,6.38E-08,6.03E-08,1.52E-07
turned,3.07E-08,0.000513368,6.38E-08,6.03E-08,1.52E-07
wattup,3.07E-08,5.13E-08,6.38E-08,0.000603519,1.52E-07
balls,0.000306862,5.13E-08,6.38E-08,6.03E-08,1.52E-07
sounds,0.000613694,5.13E-08,6.38E-08,6.03E-08,1.52E-07
{s037},0.000306862,5.13E-08,6.38E-08,6.03E-08,1.52E-07
spongebob,0.000920526,5.13E-08,6.38E-08,6.03E-08,1.52E-07
watever,0.000306862,5.13E-08,6.38E-08,6.03E-08,1.52E-07
glucose,0.002761517,0.011293021,6.38E-08,0.00844848,0.034948467
stach,3.07E-08,0.000513368,6.38E-08,6.03E-08,1.52E-07
{s033},0.00153419,5.13E-08,6.38E-08,6.03E-08,1.52E-07
confused!,0.000613694,5.13E-08,6.38E-08,6.03E-08,1.52E-07
pfifer,0.000306862,5.13E-08,6.38E-08,6.03E-08,1.52E-07
srry,3.07E-08,0.000513368,6.38E-08,6.03E-08,1.52E-07
envorment,0.000306862,5.13E-08,6.38E-08,6.03E-08,1.52E-07
yep,3.07E-08,5.13E-08,6.38E-08,0.001206977,1.52E-07
hold,0.000306862,5.13E-08,6.38E-08,6.03E-08,1.52E-07
agrees,3.07E-08,5.13E-08,0.000638179,6.03E-08,1.52E-07
fail,0.000613694,5.13E-08,6.38E-08,6.03E-08,1.52E-07
aaaaaaaaaaahhhhhhhhhhhhhhhhhhhhhhhhhhhhhhhhhhhhhhhhhhhh,0.000306862,5.13E-08,6.38E-08,6.03E-08,1.52E-07
these,0.000306862,0.007186487,6.38E-08,6.03E-08,1.52E-07
abt,3.07E-08,0.001026685,6.38E-08,6.03E-08,1.52E-07
nice,3.07E-08,0.008726437,6.38E-08,0.00844848,1.52E-07
shoud,3.07E-08,0.000513368,6.38E-08,6.03E-08,1.52E-07
0.635,0.000306862,0.000513368,6.38E-08,6.03E-08,1.52E-07
ook,0.000306862,0.001026685,6.38E-08,6.03E-08,1.52E-07
order,3.07E-08,5.13E-08,6.38E-08,6.03E-08,0.022792531
thank,3.07E-08,0.000513368,6.38E-08,6.03E-08,1.52E-07
set,0.000306862,5.13E-08,6.38E-08,6.03E-08,1.52E-07
quiz,0.00153419,5.13E-08,6.38E-08,6.03E-08,1.52E-07
you,0.043263313,0.03541891,0.049134948,0.079053128,1.52E-07
book,0.003988844,5.13E-08,6.38E-08,0.001810436,1.52E-07
balance,0.001227358,0.001540002,6.38E-08,6.03E-08,1.52E-07
{s032},0.002147853,5.13E-08,6.38E-08,6.03E-08,1.52E-07
hello,0.000613694,5.13E-08,6.38E-08,6.03E-08,0.001519644
end,0.000613694,5.13E-08,6.38E-08,6.03E-08,1.52E-07
so29,0.000306862,5.13E-08,6.38E-08,6.03E-08,1.52E-07
inviting,3.07E-08,5.13E-08,0.008295564,6.03E-08,1.52E-07
hi,0.005523003,0.007699803,0.008933679,6.03E-08,1.52E-07
tell,0.00153419,5.13E-08,6.38E-08,6.03E-08,0.001519644
dark,0.000306862,5.13E-08,6.38E-08,6.03E-08,1.52E-07
whatever.,0.000306862,5.13E-08,6.38E-08,6.03E-08,1.52E-07
shrinking,3.07E-08,0.000513368,6.38E-08,6.03E-08,1.52E-07
source,3.07E-08,0.001026685,6.38E-08,6.03E-08,1.52E-07
higher,3.07E-08,0.001026685,6.38E-08,6.03E-08,1.52E-07
mixed,3.07E-08,0.000513368,6.38E-08,6.03E-08,1.52E-07
sure,0.001227358,5.13E-08,6.38E-08,0.010862314,1.52E-07
think...if,3.07E-08,0.000513368,6.38E-08,6.03E-08,1.52E-07
cell,0.000920526,0.006159853,6.38E-08,0.016896899,1.52E-07
homerow,0.000306862,5.13E-08,6.38E-08,6.03E-08,1.52E-07
when,0.002454685,0.003593269,0.022972218,0.009051938,1.52E-07
who,0.012886966,0.000513368,6.38E-08,6.03E-08,0.003039136
33who,3.07E-08,5.13E-08,6.38E-08,6.03E-08,0.001519644
dats,3.07E-08,0.000513368,6.38E-08,6.03E-08,1.52E-07
shot,0.000306862,5.13E-08,6.38E-08,6.03E-08,1.52E-07
move,0.009204984,0.002566635,6.38E-08,6.03E-08,1.52E-07
made,0.00153419,5.13E-08,0.006381218,6.03E-08,0.022792531
gotta,0.000613694,5.13E-08,6.38E-08,0.00844848,1.52E-07
part,0.000306862,0.001026685,6.38E-08,6.03E-08,1.52E-07
bigger,3.07E-08,0.000513368,6.38E-08,6.03E-08,1.52E-07
gooood.,0.000306862,5.13E-08,6.38E-08,6.03E-08,1.52E-07
slowly,0.000306862,5.13E-08,6.38E-08,6.03E-08,1.52E-07
wer,0.000306862,5.13E-08,6.38E-08,6.03E-08,1.52E-07
preditions,0.000306862,5.13E-08,6.38E-08,6.03E-08,1.52E-07
otha,0.000306862,5.13E-08,6.38E-08,6.03E-08,1.52E-07
thankyou!,0.000306862,5.13E-08,6.38E-08,6.03E-08,1.52E-07
lot,0.000306862,0.000513368,6.38E-08,6.03E-08,1.52E-07
explanation?!,0.000306862,5.13E-08,6.38E-08,6.03E-08,1.52E-07
predictions,0.000920526,5.13E-08,6.38E-08,0.009051938,1.52E-07
and,0.014114293,0.028232475,0.005743102,0.048880201,0.024312023
try,0.000920526,0.002053319,6.38E-08,6.03E-08,1.52E-07
test,0.000306862,5.13E-08,6.38E-08,6.03E-08,1.52E-07
cuz,0.000306862,5.13E-08,6.38E-08,6.03E-08,1.52E-07
what's,0.000306862,0.000513368,6.38E-08,6.03E-08,1.52E-07
absorb,3.07E-08,0.001026685,6.38E-08,6.03E-08,1.52E-07
thats,0.002147853,0.001026685,6.38E-08,6.03E-08,1.52E-07
because,0.000920526,0.004619903,6.38E-08,6.03E-08,1.52E-07
two,3.07E-08,0.007186487,6.38E-08,6.03E-08,1.52E-07
think.,3.07E-08,0.000513368,6.38E-08,6.03E-08,1.52E-07
anyone,0.000613694,5.13E-08,6.38E-08,6.03E-08,1.52E-07
tutor!!!,0.000306862,5.13E-08,6.38E-08,6.03E-08,1.52E-07
fast,0.000306862,5.13E-08,6.38E-08,6.03E-08,1.52E-07
entire,0.000306862,5.13E-08,6.38E-08,6.03E-08,1.52E-07
great,0.000613694,5.13E-08,6.38E-08,6.03E-08,1.52E-07
{s036},0.000920526,5.13E-08,6.38E-08,6.03E-08,1.52E-07
got,0.001841021,0.001026685,6.38E-08,6.03E-08,1.52E-07
writing,0.000613694,0.000513368,6.38E-08,6.03E-08,1.52E-07
soo,0.000306862,5.13E-08,6.38E-08,6.03E-08,1.52E-07
anything,0.000613694,0.000513368,6.38E-08,6.03E-08,1.52E-07
s062.,3.07E-08,5.13E-08,0.000638179,6.03E-08,1.52E-07
this.,0.000306862,5.13E-08,6.38E-08,6.03E-08,1.52E-07
font!lol,0.000306862,5.13E-08,6.38E-08,6.03E-08,1.52E-07
oh.,3.07E-08,0.000513368,6.38E-08,6.03E-08,1.52E-07
partner,0.000306862,5.13E-08,6.38E-08,6.03E-08,1.52E-07
here!!!,3.07E-08,5.13E-08,6.38E-08,6.03E-08,0.001519644
tube,0.000920526,0.003079952,6.38E-08,6.03E-08,1.52E-07
distilled,0.001227358,0.002566635,6.38E-08,0.007845021,0.022792531
way,0.000920526,5.13E-08,6.38E-08,6.03E-08,1.52E-07
s028,3.07E-08,5.13E-08,0.000638179,6.03E-08,1.52E-07
oppisite,3.07E-08,0.000513368,6.38E-08,6.03E-08,1.52E-07
also,3.07E-08,0.000513368,6.38E-08,6.03E-08,1.52E-07
yessssssssss,3.07E-08,5.13E-08,6.38E-08,0.000603519,1.52E-07
give,0.000306862,5.13E-08,6.38E-08,6.03E-08,1.52E-07
waht,0.000306862,5.13E-08,6.38E-08,6.03E-08,1.52E-07
thanks,0.00153419,5.13E-08,6.38E-08,6.03E-08,1.52E-07
alrighty,0.000306862,5.13E-08,6.38E-08,6.03E-08,1.52E-07
color,0.000920526,0.001026685,6.38E-08,6.03E-08,1.52E-07
s045,3.07E-08,0.000513368,0.000638179,6.03E-08,1.52E-07
s021,3.07E-08,5.13E-08,0.000638179,6.03E-08,1.52E-07
{s043},0.000613694,5.13E-08,6.38E-08,6.03E-08,1.52E-07
nevermind,0.000306862,5.13E-08,6.38E-08,6.03E-08,1.52E-07
where,0.000306862,5.13E-08,0.008295564,6.03E-08,0.001519644
byeee(:,3.07E-08,5.13E-08,0.000638179,6.03E-08,1.52E-07
found,0.000613694,5.13E-08,6.38E-08,6.03E-08,1.52E-07
alone,0.000306862,5.13E-08,6.38E-08,6.03E-08,1.52E-07
it,0.01012548,0.028232475,0.015314833,0.00844848,1.52E-07
sayin,0.000613694,5.13E-08,6.38E-08,6.03E-08,1.52E-07
{s029[pet,0.000613694,5.13E-08,6.38E-08,6.03E-08,1.52E-07
{s059},0.000306862,5.13E-08,6.38E-08,6.03E-08,1.52E-07
{s008/alex}<3,0.000306862,5.13E-08,6.38E-08,6.03E-08,1.52E-07
ook....so,0.000306862,5.13E-08,6.38E-08,6.03E-08,1.52E-07
bit,0.000306862,5.13E-08,6.38E-08,6.03E-08,1.52E-07
look,0.000613694,0.000513368,6.38E-08,6.03E-08,1.52E-07
comes,0.000306862,5.13E-08,6.38E-08,6.03E-08,1.52E-07
would,0.003068349,0.007699803,0.02680091,6.03E-08,1.52E-07
wil,0.000613694,5.13E-08,6.38E-08,6.03E-08,1.52E-07
2012,0.000613694,5.13E-08,6.38E-08,6.03E-08,1.52E-07
words,3.07E-08,5.13E-08,0.001276295,0.000603519,1.52E-07
conditions.,0.001227358,0.007186487,6.38E-08,6.03E-08,1.52E-07
encourage,0.00153419,5.13E-08,0.022972218,6.03E-08,1.52E-07
thankyouu,0.000306862,5.13E-08,6.38E-08,6.03E-08,1.52E-07
s003,0.000306862,5.13E-08,6.38E-08,6.03E-08,1.52E-07
page,0.000306862,5.13E-08,6.38E-08,6.03E-08,1.52E-07
alot,0.000306862,5.13E-08,6.38E-08,6.03E-08,1.52E-07
typin,0.000306862,5.13E-08,6.38E-08,6.03E-08,1.52E-07
tew,0.000306862,5.13E-08,6.38E-08,6.03E-08,1.52E-07
christian,0.000306862,5.13E-08,6.38E-08,6.03E-08,1.52E-07
loses,3.07E-08,0.002566635,6.38E-08,6.03E-08,1.52E-07
explanations,0.000306862,5.13E-08,6.38E-08,0.013879607,1.52E-07
discuss,3.07E-08,0.00821312,6.38E-08,0.010862314,1.52E-07
unknown,0.000306862,5.13E-08,6.38E-08,6.03E-08,1.52E-07
our,0.000306862,0.000513368,6.38E-08,6.03E-08,1.52E-07
purple,3.07E-08,0.000513368,6.38E-08,6.03E-08,1.52E-07
thnx...for,0.000306862,5.13E-08,6.38E-08,6.03E-08,1.52E-07
glucsoe,3.07E-08,0.000513368,6.38E-08,6.03E-08,1.52E-07
wouldnt,3.07E-08,0.001540002,6.38E-08,6.03E-08,1.52E-07
second,0.000920526,5.13E-08,6.38E-08,6.03E-08,1.52E-07
s011.,3.07E-08,5.13E-08,0.000638179,6.03E-08,1.52E-07
names,0.001841021,0.003079952,6.38E-08,6.03E-08,1.52E-07
seconds,0.000306862,5.13E-08,6.38E-08,6.03E-08,1.52E-07
weights,0.000306862,5.13E-08,6.38E-08,6.03E-08,1.52E-07
iodine,0.000306862,5.13E-08,6.38E-08,6.03E-08,0.022792531
said.,0.000306862,5.13E-08,0.008933679,6.03E-08,1.52E-07
enviroment,3.07E-08,0.000513368,6.38E-08,6.03E-08,1.52E-07
feel,0.000306862,5.13E-08,6.38E-08,6.03E-08,1.52E-07
yet,0.000920526,5.13E-08,6.38E-08,6.03E-08,1.52E-07
worksheets.,3.07E-08,5.13E-08,6.38E-08,0.002413894,1.52E-07
somthing,0.000306862,5.13E-08,6.38E-08,6.03E-08,1.52E-07
yeaah,0.000306862,5.13E-08,6.38E-08,6.03E-08,1.52E-07
eggs,0.000306862,5.13E-08,6.38E-08,6.03E-08,1.52E-07
far,0.000920526,0.000513368,6.38E-08,6.03E-08,1.52E-07
doing*****,0.000306862,5.13E-08,6.38E-08,6.03E-08,1.52E-07
stop,0.000920526,5.13E-08,6.38E-08,6.03E-08,1.52E-07
descuss,3.07E-08,0.000513368,6.38E-08,6.03E-08,1.52E-07
.no,0.000306862,5.13E-08,6.38E-08,6.03E-08,1.52E-07
{s035}!!,0.000306862,5.13E-08,6.38E-08,6.03E-08,1.52E-07
revoicer.,0.000306862,5.13E-08,0.008295564,6.03E-08,1.52E-07
thsnks,0.000306862,5.13E-08,6.38E-08,6.03E-08,1.52E-07
it.,0.000306862,0.000513368,6.38E-08,6.03E-08,1.52E-07
weighto=or,0.000306862,5.13E-08,6.38E-08,6.03E-08,1.52E-07
ourselves.,3.07E-08,5.13E-08,6.38E-08,0.00844848,1.52E-07
sugar.,3.07E-08,0.000513368,6.38E-08,6.03E-08,1.52E-07
s062,0.000306862,5.13E-08,6.38E-08,6.03E-08,1.52E-07
idione,3.07E-08,0.000513368,6.38E-08,6.03E-08,1.52E-07
tab..,3.07E-08,5.13E-08,6.38E-08,6.03E-08,0.001519644
ok..whaty,3.07E-08,5.13E-08,6.38E-08,0.000603519,1.52E-07
compare,0.004295676,5.13E-08,6.38E-08,0.00844848,1.52E-07
most,0.000306862,5.13E-08,6.38E-08,6.03E-08,1.52E-07
writethe,3.07E-08,5.13E-08,6.38E-08,0.000603519,1.52E-07
this,0.016568947,0.001540002,0.001276295,6.03E-08,1.52E-07
alrighhttm,0.000306862,5.13E-08,6.38E-08,6.03E-08,1.52E-07
toast!,0.000306862,5.13E-08,6.38E-08,6.03E-08,1.52E-07
{s038},0.000306862,5.13E-08,6.38E-08,6.03E-08,1.52E-07
sound,0.000306862,5.13E-08,6.38E-08,6.03E-08,1.52E-07
please,0.002454685,0.007186487,0.015314833,0.00844848,1.52E-07
hr,0.000306862,0.001540002,6.38E-08,6.03E-08,1.52E-07
thankk,0.000306862,5.13E-08,6.38E-08,6.03E-08,1.52E-07
talking,0.000920526,0.00821312,6.38E-08,6.03E-08,1.52E-07
0.63,3.07E-08,0.000513368,6.38E-08,6.03E-08,1.52E-07
something,3.07E-08,0.001026685,6.38E-08,6.03E-08,1.52E-07
spend,0.001227358,5.13E-08,6.38E-08,6.03E-08,1.52E-07
goin,0.000613694,5.13E-08,6.38E-08,6.03E-08,1.52E-07
nevermind....yeah,3.07E-08,5.13E-08,0.000638179,6.03E-08,1.52E-07
name,0.002454685,0.000513368,6.38E-08,6.03E-08,1.52E-07
chair,0.000306862,5.13E-08,6.38E-08,6.03E-08,1.52E-07
#'s,0.000306862,5.13E-08,6.38E-08,6.03E-08,1.52E-07
opposite,0.003988844,0.000513368,6.38E-08,6.03E-08,1.52E-07
meant,3.07E-08,0.000513368,6.38E-08,6.03E-08,1.52E-07
confused,0.00153419,5.13E-08,6.38E-08,6.03E-08,1.52E-07
yet.,0.001841021,0.003593269,6.38E-08,6.03E-08,1.52E-07
alias,0.000306862,5.13E-08,6.38E-08,6.03E-08,1.52E-07
paper,0.001841021,5.13E-08,6.38E-08,6.03E-08,1.52E-07
poop!,0.000306862,5.13E-08,6.38E-08,6.03E-08,1.52E-07
explainer,3.07E-08,5.13E-08,0.008295564,6.03E-08,1.52E-07
{s034},0.000613694,5.13E-08,6.38E-08,6.03E-08,1.52E-07
redy,3.07E-08,0.000513368,6.38E-08,6.03E-08,1.52E-07
34,3.07E-08,5.13E-08,0.000638179,6.03E-08,1.52E-07
soooo,0.000306862,5.13E-08,6.38E-08,6.03E-08,1.52E-07
codition,3.07E-08,0.000513368,6.38E-08,6.03E-08,1.52E-07
anywere,3.07E-08,0.000513368,6.38E-08,6.03E-08,1.52E-07
{s011},0.000613694,5.13E-08,6.38E-08,6.03E-08,1.52E-07
whole,0.000306862,5.13E-08,6.38E-08,6.03E-08,1.52E-07
click,0.000306862,5.13E-08,6.38E-08,6.03E-08,1.52E-07
toast!!!,3.07E-08,0.000513368,6.38E-08,6.03E-08,1.52E-07
-.-,3.07E-08,0.000513368,6.38E-08,6.03E-08,1.52E-07
you?^,0.000306862,5.13E-08,6.38E-08,6.03E-08,1.52E-07
started,3.07E-08,5.13E-08,6.38E-08,0.00844848,1.52E-07
dotn,3.07E-08,0.000513368,6.38E-08,6.03E-08,1.52E-07
which,0.002147853,5.13E-08,0.014676718,6.03E-08,0.022792531
presence,3.07E-08,5.13E-08,6.38E-08,6.03E-08,0.022792531
{so36},3.07E-08,5.13E-08,6.38E-08,6.03E-08,0.001519644
left,0.000920526,5.13E-08,6.38E-08,6.03E-08,1.52E-07
turn,3.07E-08,0.001540002,6.38E-08,6.03E-08,1.52E-07
birthdaaay,3.07E-08,5.13E-08,6.38E-08,6.03E-08,0.001519644
liquid,0.000306862,0.001540002,6.38E-08,6.03E-08,1.52E-07
ok..sound,0.000306862,5.13E-08,6.38E-08,6.03E-08,1.52E-07
discussing,0.01012548,5.13E-08,6.38E-08,6.03E-08,1.52E-07
pages,3.07E-08,5.13E-08,6.38E-08,0.001810436,1.52E-07
{s041},0.000920526,5.13E-08,6.38E-08,6.03E-08,1.52E-07
group...and,0.000306862,5.13E-08,6.38E-08,6.03E-08,1.52E-07
video.,0.000306862,5.13E-08,6.38E-08,6.03E-08,1.52E-07
might,0.000306862,0.000513368,6.38E-08,6.03E-08,1.52E-07
place,3.07E-08,5.13E-08,0.008295564,6.03E-08,1.52E-07
please!,0.000306862,5.13E-08,6.38E-08,6.03E-08,1.52E-07
low,3.07E-08,0.001026685,6.38E-08,6.03E-08,1.52E-07
whether,0.002454685,5.13E-08,0.012762372,6.03E-08,1.52E-07
each,3.07E-08,0.015399555,6.38E-08,0.002413894,1.52E-07
papaer,0.000306862,5.13E-08,6.38E-08,6.03E-08,1.52E-07
wrong,0.001841021,5.13E-08,0.006381218,6.03E-08,1.52E-07
bottom,0.000613694,5.13E-08,6.38E-08,6.03E-08,1.52E-07
both,0.000306862,0.008726437,6.38E-08,6.03E-08,1.52E-07
restarting,0.000306862,5.13E-08,6.38E-08,6.03E-08,1.52E-07
prediction.....,0.000306862,5.13E-08,6.38E-08,6.03E-08,1.52E-07
stuff,0.001227358,5.13E-08,6.38E-08,6.03E-08,1.52E-07
ovae,0.000306862,5.13E-08,6.38E-08,6.03E-08,1.52E-07
one,0.005216171,0.004106586,0.022972218,6.03E-08,1.52E-07
seconf,0.000306862,5.13E-08,6.38E-08,6.03E-08,1.52E-07
disagree,0.001841021,5.13E-08,0.005743102,6.03E-08,1.52E-07
probably,0.003988844,5.13E-08,6.38E-08,6.03E-08,1.52E-07
s032,3.07E-08,0.000513368,0.00191441,6.03E-08,1.52E-07
role,0.003988844,5.13E-08,6.38E-08,0.001810436,1.52E-07
lose,3.07E-08,0.002053319,6.38E-08,6.03E-08,1.52E-07
thee,0.000306862,0.001026685,6.38E-08,6.03E-08,1.52E-07
color.,3.07E-08,0.000513368,6.38E-08,6.03E-08,1.52E-07
sayn,0.000306862,5.13E-08,6.38E-08,6.03E-08,1.52E-07
lost!!!!!!!,3.07E-08,5.13E-08,6.38E-08,6.03E-08,0.001519644
predict,0.000306862,0.00821312,6.38E-08,6.03E-08,1.52E-07
understand.,3.07E-08,0.000513368,6.38E-08,6.03E-08,1.52E-07
agreee,0.000306862,5.13E-08,6.38E-08,6.03E-08,1.52E-07
wouldn't,0.000306862,0.000513368,6.38E-08,6.03E-08,1.52E-07
explain,0.000613694,5.13E-08,0.01020991,6.03E-08,1.52E-07
add,3.07E-08,5.13E-08,0.008295564,6.03E-08,1.52E-07
good,0.000613694,5.13E-08,0.010848025,6.03E-08,1.52E-07
explanation:,3.07E-08,5.13E-08,6.38E-08,6.03E-08,0.003039136
hahhaha,0.000306862,0.000513368,6.38E-08,6.03E-08,1.52E-07
seperate,3.07E-08,0.000513368,6.38E-08,6.03E-08,1.52E-07
alex!!!,0.000306862,5.13E-08,6.38E-08,6.03E-08,1.52E-07
becasue,3.07E-08,0.001026685,6.38E-08,6.03E-08,1.52E-07
conditions,3.07E-08,5.13E-08,6.38E-08,0.026552236,1.52E-07
hlappen,0.000306862,5.13E-08,6.38E-08,6.03E-08,1.52E-07
water....okay,0.000306862,5.13E-08,6.38E-08,6.03E-08,1.52E-07
ewww,0.000306862,5.13E-08,6.38E-08,6.03E-08,1.52E-07
smart,0.000613694,5.13E-08,6.38E-08,6.03E-08,1.52E-07
super,0.000306862,5.13E-08,6.38E-08,6.03E-08,1.52E-07
go.,0.000613694,5.13E-08,6.38E-08,0.007845021,1.52E-07
helpp,0.000306862,5.13E-08,6.38E-08,6.03E-08,1.52E-07
pedict,0.000306862,5.13E-08,6.38E-08,6.03E-08,1.52E-07
s036,3.07E-08,0.000513368,0.00191441,6.03E-08,1.52E-07
confusing,0.000613694,5.13E-08,6.38E-08,6.03E-08,1.52E-07
540,3.07E-08,5.13E-08,6.38E-08,6.03E-08,0.001519644
.and,0.000306862,5.13E-08,6.38E-08,6.03E-08,1.52E-07
s028.,3.07E-08,5.13E-08,0.000638179,6.03E-08,1.52E-07
somthinq,0.000306862,5.13E-08,6.38E-08,6.03E-08,1.52E-07
sup,0.000306862,5.13E-08,6.38E-08,6.03E-08,1.52E-07
form,0.000306862,5.13E-08,6.38E-08,6.03E-08,1.52E-07
argee,0.000306862,5.13E-08,6.38E-08,6.03E-08,1.52E-07
your,0.021171424,0.003593269,0.024248448,0.051294035,1.52E-07
fail!!!!!!!!!!!!!!,0.000306862,5.13E-08,6.38E-08,6.03E-08,1.52E-07
idea....,0.000306862,5.13E-08,6.38E-08,6.03E-08,1.52E-07
makes,0.000306862,5.13E-08,6.38E-08,6.03E-08,1.52E-07
aaah,3.07E-08,0.000513368,6.38E-08,6.03E-08,1.52E-07
here..i,0.000306862,5.13E-08,6.38E-08,6.03E-08,1.52E-07
last,0.000306862,0.000513368,6.38E-08,6.03E-08,1.52E-07
